country,theme_code,months_count,avg_docs,std_docs,trend_slope,trend_category
CE,ELECTION,36,2364.72,1574.13,103.655,Artan
CE,SCIENCE,36,2898.67,540.96,64.3007,Artan
CE,NATURAL,36,2038.03,564.85,46.0385,Artan
CE,CORRUPTION,36,1373.11,1245.84,45.0629,Artan
CE,IDEOLOGY,36,1555.06,342.56,32.5105,Artan
CE,EDUCATION,36,5397.58,1301.24,27.7378,Artan
CE,SOC,36,8452.39,2646.16,26.1212,Artan
CE,EXTREMISM,36,674.25,244.53,20.2389,Artan
CE,USPEC,36,12244.97,5265.97,18.873,Artan
CE,DISPLACED,36,204.83,165.45,17.2681,Artan
CE,AUSTERITY,36,205.75,308.59,14.5536,Artan
CE,DEMOCRACY,36,1298.03,720.44,14.12,Artan
CE,APPOINTMENT,36,1378.72,1462.41,11.2075,Artan
CE,EXHUMATION,36,54.61,117.91,10.014,Artan
CE,UNREST,36,1393.19,538.66,9.3415,Stabil
CE,REFUGEES,36,535.56,343.55,8.3869,Stabil
CE,PEACEKEEPING,36,106.64,185.6,8.1946,Stabil
CE,NEW,36,291.42,110.68,8.148,Stabil
CE,IMMIGRATION,36,594.83,384.65,7.9767,Stabil
CE,MOVEMENT,36,1507.61,696.48,7.4942,Stabil
CE,HUMAN,36,432.36,166.96,7.479,Stabil
CE,RELEASE,36,146.19,89.97,7.3578,Stabil
CE,LGBT,36,115.67,83.47,7.1702,Stabil
CE,CRIME,36,509.17,217.73,7.035,Stabil
CE,WATER,36,403.92,134.41,6.5163,Stabil
CE,GOV,36,630.39,259.46,6.3287,Stabil
CE,RECRUITMENT,36,387.69,112.7,5.2133,Stabil
CE,SLFID,36,1466.58,484.03,5.211,Stabil
CE,KIDNAP,36,300.97,175.07,4.7517,Stabil
CE,ASSASSINATION,36,101.75,152.3,4.5396,Stabil
CE,TECH,36,208.08,68.27,4.4161,Stabil
CE,POVERTY,36,809.89,333.71,4.1375,Stabil
CE,SURVEILLANCE,36,205.64,100.65,3.7121,Stabil
CE,CHARASMATIC,36,19.92,29.24,3.4417,Stabil
CE,RETALIATE,36,202.17,113.46,3.1562,Stabil
CE,MEDIA,36,5931.94,2268.41,3.1072,Stabil
CE,CEASEFIRE,36,183.64,137.46,3.1014,Stabil
CE,FREESPEECH,36,119.5,83.51,2.9161,Stabil
CE,PERSECUTION,36,169.64,59.51,2.7611,Stabil
CE,SCANDAL,36,180.39,128.63,2.1538,Stabil
CE,RATIFY,36,133.03,98.04,2.1247,Stabil
CE,SELF,36,1415.44,704.35,2.1212,Stabil
CE,EVACUATION,36,310.11,182.8,1.7925,Stabil
CE,GEN,36,592.64,177.45,1.7751,Stabil
CE,PROPAGANDA,36,178.89,54.26,1.62,Stabil
CE,UNSAFE,36,74.53,30.63,1.5233,Stabil
CE,STRIKE,36,271.22,153.78,1.5221,Stabil
CE,RESIGNATION,36,1497.56,3527.65,1.3706,Stabil
CE,LITERACY,36,95.19,30.98,1.3601,Stabil
CE,TORTURE,36,208.67,110.92,1.338,Stabil
CE,DRUG,36,311.28,153.56,1.0932,Stabil
CE,RETIREMENT,36,337.61,83.87,0.9091,Stabil
CE,TAKE,36,416.75,721.86,0.7261,Stabil
CE,JIHAD,36,45.61,32.31,0.7016,Stabil
CE,ORGANIZED,36,212.89,116.78,0.6597,Stabil
CE,UNEMPLOYMENT,36,336.75,171.56,0.6422,Stabil
CE,CHECKPOINT,36,76.14,51.87,0.6375,Stabil
CE,LEGALIZE,36,56.92,31.45,0.6142,Stabil
CE,SICKENED,36,14.75,27.99,0.4044,Stabil
CE,RETIREMENTS,36,36.5,28.52,0.3613,Stabil
CE,PIPELINE,26,5.69,6.52,0.3472,Stabil
CE,CONFISCATION,36,147.81,62.19,0.3159,Stabil
CE,INEQUALITY,36,102.58,51.65,0.2506,Stabil
CE,INFO,36,262.92,120.33,0.1853,Stabil
CE,URBAN,36,757.03,268.06,0.1527,Stabil
CE,PHONE,11,1.64,0.81,0.1184,Stabil
CE,MED,36,28.89,22.54,0.0979,Stabil
CE,FIREARM,36,13.58,23.43,0.0874,Stabil
CE,PRIVATIZATION,36,77.75,44.34,0.0594,Stabil
CE,SEPARATISTS,36,128.47,69.44,0.0571,Stabil
CE,SMUGGLING,36,201.5,71.21,0.042,Stabil
CE,SANITATION,36,178.72,115.24,0.007,Stabil
CE,POL,6,1.5,0.84,-0.1136,Stabil
CE,GRIEVANCES,36,156.47,150.64,-0.12,Stabil
CE,LOCUSTS,29,2.21,1.7,-0.1201,Stabil
CE,DEFECTION,36,58.5,103.16,-0.1352,Stabil
CE,UNGOVERNED,10,2.1,2.51,-0.1516,Stabil
CE,GENTRIFICATION,27,3.3,2.05,-0.157,Stabil
CE,LANDMINE,36,18.22,10.51,-0.1608,Stabil
CE,SLUMS,36,27.47,20.12,-0.2273,Stabil
CE,LEG,36,44.86,61.72,-0.2576,Stabil
CE,PROPERTY,36,97.0,32.02,-0.2587,Stabil
CE,RAPE,36,203.39,77.97,-0.2797,Stabil
CE,INCOME,36,12.97,9.74,-0.3555,Stabil
CE,REL,36,31.67,18.09,-0.5035,Stabil
CE,VETO,36,103.44,55.54,-0.5152,Stabil
CE,DISABILITY,36,201.0,69.99,-0.7319,Stabil
CE,HATE,36,32.64,26.11,-0.7774,Stabil
CE,CLAIM,35,34.71,41.87,-0.8214,Stabil
CE,POPULATION,36,40.22,24.53,-0.9464,Stabil
CE,INTERNET,35,15.94,31.42,-0.9929,Stabil
CE,CRM,36,60.83,114.01,-1.0326,Stabil
CE,ACT,36,253.75,160.78,-1.0688,Stabil
CE,SUICIDE,36,118.64,119.34,-1.1247,Stabil
CE,BLACK,36,42.53,45.3,-1.1387,Stabil
CE,TRANSPARENCY,36,706.0,265.51,-1.2238,Stabil
CE,TRIAL,36,1599.5,865.6,-1.2308,Stabil
CE,RURAL,36,604.5,146.57,-1.4942,Stabil
CE,MIL,36,94.28,48.76,-1.5641,Stabil
CE,IMPEACHMENT,36,66.17,86.47,-1.5828,Stabil
CE,TREASON,36,92.81,108.07,-1.8986,Stabil
CE,SEIGE,36,343.53,236.51,-2.4021,Stabil
CE,BORDER,36,831.33,215.75,-2.4918,Stabil
CE,PUBLIC,36,1002.17,493.28,-2.5128,Stabil
CE,GENDER,36,90.06,42.08,-2.6247,Stabil
CE,HARASSMENT,36,170.19,50.98,-2.8823,Stabil
CE,WHISTLEBLOWER,36,31.28,50.27,-2.9371,Stabil
CE,ETH,36,239.5,82.79,-2.951,Stabil
CE,CONSTITUTIONAL,36,1248.81,1025.67,-3.19,Stabil
CE,VANDALIZE,36,71.11,78.98,-3.2121,Stabil
CE,RAIL,36,72.78,107.28,-3.2145,Stabil
CE,BLOCKADE,36,245.86,167.52,-3.2786,Stabil
CE,AVIATION,36,35.25,37.95,-3.3042,Stabil
CE,WMD,36,145.94,104.26,-3.3613,Stabil
CE,CYBER,36,173.69,64.31,-3.4464,Stabil
CE,BULLYING,36,89.72,70.93,-3.6294,Stabil
CE,POWER,36,199.81,246.16,-3.7541,Stabil
CE,RELATIONS,36,165.83,86.26,-3.8159,Stabil
CE,AID,36,261.61,221.55,-4.0862,Stabil
CE,INSURGENCY,36,89.17,119.74,-4.317,Stabil
CE,JUSTICE,36,127.83,50.37,-5.0466,Stabil
CE,DISCRIMINATION,36,628.14,155.88,-5.0711,Stabil
CE,PIRACY,36,82.72,64.32,-5.7016,Stabil
CE,WB,36,16420.89,4802.21,-5.704,Stabil
CE,DELAY,36,1651.0,643.54,-6.3357,Stabil
CE,ALLIANCE,36,1062.06,572.11,-6.7343,Stabil
CE,TERROR,36,1414.94,613.25,-6.9114,Stabil
CE,EXILE,36,156.06,158.44,-7.0093,Stabil
CE,AGRICULTURE,36,1956.53,700.53,-7.0711,Stabil
CE,TOURISM,36,2029.36,888.5,-7.1131,Stabil
CE,REBELS,36,211.22,191.87,-7.669,Stabil
CE,SEIZE,36,470.17,363.5,-8.1585,Stabil
CE,SOVEREIGNTY,36,520.75,197.51,-8.1667,Stabil
CE,EMERG,36,90.44,218.06,-8.3846,Stabil
CE,DEATH,36,118.92,88.36,-9.0385,Stabil
CE,FUELPRICES,36,391.92,472.51,-9.486,Stabil
CE,DRONES,36,310.97,178.93,-9.7214,Stabil
CE,MILITARY,36,2378.56,1238.22,-9.8881,Stabil
CE,NEGOTIATIONS,36,1089.06,828.88,-10.5478,Azalan
CE,REBELLION,36,970.14,1228.6,-11.1923,Azalan
CE,LEGISLATION,36,2971.25,992.77,-12.1457,Azalan
CE,CLOSURE,36,158.42,210.59,-12.7121,Azalan
CE,WOUND,36,1147.0,1078.63,-14.8065,Azalan
CE,AFFECT,36,2678.97,1171.96,-15.4441,Azalan
CE,ARREST,36,1727.25,843.67,-15.4744,Azalan
CE,FOOD,36,1017.89,1184.46,-16.3403,Azalan
CE,CURFEW,36,325.69,944.11,-17.3065,Azalan
CE,DISASTER,36,374.47,543.3,-18.169,Azalan
CE,RELIGION,36,999.08,307.18,-18.3765,Azalan
CE,VIOLENT,36,472.94,1133.5,-19.0816,Azalan
CE,ARMEDCONFLICT,36,4212.39,2069.16,-20.2704,Azalan
CE,UNGP,36,11769.92,3511.29,-20.2739,Azalan
CE,EPU,36,15185.36,5265.35,-21.6538,Azalan
CE,CRISISLEX,36,13342.53,5064.42,-21.9406,Azalan
CE,STATE,36,322.53,836.36,-24.6515,Azalan
CE,ROAD,36,203.75,440.15,-24.9219,Azalan
CE,INFRASTRUCTURE,36,173.61,441.03,-24.9441,Azalan
CE,MEDICAL,36,4733.72,1884.67,-25.5758,Azalan
CE,SECURITY,36,2516.72,2024.49,-26.4452,Azalan
CE,PROTEST,36,2532.33,3679.7,-27.2378,Azalan
CE,KILL,36,3422.61,1320.13,-27.5408,Azalan
CE,BAN,36,1030.14,670.42,-30.1643,Azalan
CE,POLITICAL,36,773.83,1470.04,-30.2471,Azalan
CE,SANCTIONS,36,653.89,391.86,-32.1142,Azalan
CE,ENV,36,3302.03,1197.72,-33.4953,Azalan
CE,TRAFFIC,36,544.06,674.09,-38.662,Azalan
CE,ECON,36,8070.92,4734.64,-50.2483,Azalan
CE,GENERAL,36,11675.47,4872.16,-57.4371,Azalan
CE,MANMADE,36,5795.97,2256.45,-58.1224,Azalan
CE,MARITIME,36,2859.86,1139.37,-58.549,Azalan
CE,TAX,36,19579.0,5536.53,-63.3193,Azalan
CE,SHORTAGE,36,1923.92,2915.91,-74.4837,Azalan
CE,LEADER,36,9120.19,5027.33,-84.3718,Azalan
CE,HEALTH,36,1752.94,1687.22,-107.5152,Azalan
HO,NATURAL,36,1566.31,774.23,70.197,Artan
HO,ENV,36,1274.81,580.11,29.514,Artan
HO,SCIENCE,36,959.31,459.98,19.458,Artan
HO,BORDER,36,2346.94,1241.0,18.6667,Artan
HO,GEN,36,229.53,126.84,12.838,Artan
HO,EVACUATION,36,175.14,184.8,11.0967,Artan
HO,PUBLIC,36,779.94,400.9,11.035,Artan
HO,TOURISM,36,467.83,171.34,9.9907,Stabil
HO,STATE,36,125.64,148.48,9.7541,Stabil
HO,PERSECUTION,36,392.92,269.4,8.4371,Stabil
HO,CEASEFIRE,36,87.36,117.47,7.4744,Stabil
HO,SURVEILLANCE,36,276.81,188.65,7.0338,Stabil
HO,AID,36,146.86,85.38,6.4254,Stabil
HO,WATER,36,310.97,176.93,5.7844,Stabil
HO,URBAN,36,554.28,285.45,4.7832,Stabil
HO,CONFISCATION,36,152.0,73.14,4.7249,Stabil
HO,RETIREMENT,36,174.36,134.56,3.866,Stabil
HO,POWER,36,48.19,59.29,3.8403,Stabil
HO,ETH,36,328.25,140.34,3.204,Stabil
HO,TECH,36,28.17,29.48,3.1282,Stabil
HO,RESIGNATION,36,204.75,117.41,2.9009,Stabil
HO,SHORTAGE,36,223.22,121.4,2.7319,Stabil
HO,SANITATION,36,113.58,54.2,2.6072,Stabil
HO,POPULATION,36,27.39,27.49,2.4219,Stabil
HO,DISPLACED,36,196.06,91.36,2.2657,Stabil
HO,AVIATION,36,13.61,28.06,1.7809,Stabil
HO,BULLYING,36,60.11,35.75,1.7343,Stabil
HO,POLITICAL,36,322.75,218.35,1.514,Stabil
HO,EXHUMATION,36,32.03,23.95,1.507,Stabil
HO,EMERG,36,59.33,57.77,1.3054,Stabil
HO,IMPEACHMENT,36,48.5,32.16,1.1655,Stabil
HO,PROPERTY,36,39.03,25.35,0.852,Stabil
HO,LANDMINE,32,5.72,6.35,0.8395,Stabil
HO,RATIFY,36,245.44,118.32,0.8228,Stabil
HO,CHECKPOINT,36,127.39,209.31,0.8112,Stabil
HO,HATE,36,10.11,8.87,0.7995,Stabil
HO,LGBT,36,141.28,79.82,0.7646,Stabil
HO,CHARASMATIC,35,8.89,9.81,0.7334,Stabil
HO,SUICIDE,36,9.36,6.88,0.5769,Stabil
HO,RETIREMENTS,36,23.53,37.19,0.5653,Stabil
HO,UNSAFE,36,39.83,18.03,0.5618,Stabil
HO,JIHAD,35,12.23,11.53,0.5317,Stabil
HO,NEW,36,101.94,89.34,0.5291,Stabil
HO,PEACEKEEPING,36,10.53,9.15,0.4953,Stabil
HO,LITERACY,36,48.25,28.13,0.4674,Stabil
HO,DISCRIMINATION,36,724.67,323.75,0.4569,Stabil
HO,CLAIM,32,3.94,4.02,0.4438,Stabil
HO,SICKENED,36,20.36,41.75,0.2599,Stabil
HO,LOCUSTS,28,2.79,3.89,0.2069,Stabil
HO,FREESPEECH,36,69.14,38.11,0.1853,Stabil
HO,REBELS,36,86.75,105.59,0.1224,Stabil
HO,REL,36,17.19,13.22,0.0944,Stabil
HO,SLUMS,36,25.47,13.0,0.0828,Stabil
HO,POL,6,1.17,0.41,0.0141,Stabil
HO,GENTRIFICATION,32,3.31,2.81,-0.0097,Stabil
HO,AUSTERITY,36,17.36,11.78,-0.0944,Stabil
HO,PHONE,4,102.25,116.92,-0.15,Stabil
HO,RELEASE,36,79.64,75.06,-0.1643,Stabil
HO,INTERNET,25,2.64,3.9,-0.1725,Stabil
HO,INCOME,34,5.09,4.34,-0.1766,Stabil
HO,BLACK,36,12.14,14.63,-0.1946,Stabil
HO,PRIVATIZATION,36,34.78,23.42,-0.2401,Stabil
HO,UNGOVERNED,17,2.71,4.81,-0.2467,Stabil
HO,FIREARM,36,13.64,21.26,-0.2622,Stabil
HO,DISABILITY,36,169.78,62.43,-0.359,Stabil
HO,RAIL,34,14.91,44.38,-0.3748,Stabil
HO,VANDALIZE,36,33.94,45.55,-0.4452,Stabil
HO,LEG,36,6.69,4.88,-0.4627,Stabil
HO,ASSASSINATION,36,110.83,90.49,-0.4802,Stabil
HO,EXILE,36,144.33,85.95,-0.5664,Stabil
HO,INSURGENCY,36,23.08,10.16,-0.6515,Stabil
HO,PROPAGANDA,36,45.28,24.1,-0.697,Stabil
HO,CYBER,36,73.42,48.62,-0.8357,Stabil
HO,FOOD,36,279.58,138.4,-0.8869,Stabil
HO,PIPELINE,15,4.73,6.31,-0.9048,Stabil
HO,PIRACY,36,20.5,17.69,-0.9324,Stabil
HO,VETO,36,81.19,48.38,-1.1177,Stabil
HO,INEQUALITY,36,187.81,178.79,-1.12,Stabil
HO,REFUGEES,36,1304.22,820.23,-1.1585,Stabil
HO,DEFECTION,36,13.44,11.37,-1.2308,Stabil
HO,VIOLENT,36,54.83,45.11,-1.5501,Stabil
HO,JUSTICE,36,158.89,70.71,-1.648,Stabil
HO,MIL,36,44.28,36.1,-1.6503,Stabil
HO,WMD,36,43.22,39.28,-1.697,Stabil
HO,CURFEW,36,47.06,98.77,-1.7086,Stabil
HO,FUELPRICES,36,33.61,48.4,-2.0256,Stabil
HO,IDEOLOGY,36,729.69,350.7,-2.176,Stabil
HO,CRM,36,20.39,22.36,-2.324,Stabil
HO,MED,36,22.67,21.32,-2.3473,Stabil
HO,RELIGION,36,289.58,123.8,-2.3671,Stabil
HO,TREASON,36,56.69,39.23,-2.4907,Stabil
HO,RELATIONS,36,87.08,84.21,-2.7098,Stabil
HO,GOV,36,512.08,389.35,-2.803,Stabil
HO,TRANSPARENCY,36,414.36,160.88,-2.9079,Stabil
HO,STRIKE,36,113.5,75.52,-2.972,Stabil
HO,AGRICULTURE,36,997.81,477.41,-3.0012,Stabil
HO,RAPE,36,322.47,128.84,-3.1131,Stabil
HO,LEGALIZE,36,94.36,67.9,-3.155,Stabil
HO,MOVEMENT,36,958.97,383.75,-3.2133,Stabil
HO,RECRUITMENT,36,190.22,82.34,-3.2471,Stabil
HO,WHISTLEBLOWER,36,26.11,62.08,-3.5058,Stabil
HO,KIDNAP,36,435.67,246.54,-3.6807,Stabil
HO,POVERTY,36,696.67,324.95,-3.7436,Stabil
HO,SANCTIONS,36,248.44,183.44,-3.8415,Stabil
HO,UNREST,36,902.56,479.7,-3.8904,Stabil
HO,DEATH,36,69.58,74.51,-4.0828,Stabil
HO,HUMAN,36,594.33,372.87,-4.3333,Stabil
HO,GRIEVANCES,36,90.69,144.05,-4.4301,Stabil
HO,SCANDAL,36,108.72,57.83,-4.7436,Stabil
HO,ECON,36,2548.08,910.03,-4.8566,Stabil
HO,DRONES,36,80.31,96.4,-4.9732,Stabil
HO,SEIGE,36,267.81,266.29,-5.0758,Stabil
HO,TORTURE,36,135.67,82.15,-5.1981,Stabil
HO,GENDER,36,182.5,142.0,-5.324,Stabil
HO,SEPARATISTS,35,35.94,69.81,-5.8015,Stabil
HO,HARASSMENT,36,171.61,164.02,-6.0396,Stabil
HO,INFO,36,134.36,106.72,-6.2506,Stabil
HO,BLOCKADE,36,136.33,125.03,-6.4639,Stabil
HO,UNEMPLOYMENT,36,231.11,91.73,-6.4965,Stabil
HO,SEIZE,36,293.47,135.74,-6.7937,Stabil
HO,ALLIANCE,36,669.81,258.72,-7.0571,Stabil
HO,SMUGGLING,36,592.86,499.92,-9.5466,Stabil
HO,NEGOTIATIONS,36,463.5,222.89,-9.8252,Stabil
HO,BAN,36,550.22,332.91,-11.0373,Azalan
HO,CLOSURE,36,118.44,138.48,-11.0583,Azalan
HO,ACT,36,212.33,174.07,-11.1748,Azalan
HO,SLFID,36,1042.94,387.4,-11.1935,Azalan
HO,DELAY,36,703.25,288.8,-11.6655,Azalan
HO,SELF,36,929.72,392.81,-11.8182,Azalan
HO,RURAL,36,392.83,323.99,-12.2657,Azalan
HO,EXTREMISM,36,381.42,224.72,-12.8893,Azalan
HO,APPOINTMENT,36,515.61,195.05,-13.4872,Azalan
HO,TERROR,36,805.81,509.55,-13.5699,Azalan
HO,CONSTITUTIONAL,36,613.03,219.6,-14.3228,Azalan
HO,EDUCATION,36,3258.08,1261.69,-15.1503,Azalan
HO,REBELLION,36,402.36,359.76,-15.1503,Azalan
HO,RETALIATE,36,133.44,133.3,-16.2471,Azalan
HO,IMMIGRATION,36,1656.69,1068.57,-16.8147,Azalan
HO,MILITARY,36,968.89,454.75,-20.5711,Azalan
HO,ROAD,36,157.11,382.6,-20.5781,Azalan
HO,TRAFFIC,36,315.31,440.68,-21.824,Azalan
HO,INFRASTRUCTURE,36,209.53,525.75,-24.1783,Azalan
HO,SOVEREIGNTY,36,378.64,400.58,-25.796,Azalan
HO,TAKE,36,242.83,225.99,-27.1841,Azalan
HO,ORGANIZED,36,1057.86,545.87,-28.8287,Azalan
HO,LEGISLATION,36,2278.97,882.16,-30.2506,Azalan
HO,DISASTER,36,310.06,529.24,-32.0396,Azalan
HO,AFFECT,36,3402.33,1392.91,-32.1445,Azalan
HO,ELECTION,36,1484.17,678.18,-33.3427,Azalan
HO,PROTEST,36,1134.56,603.46,-36.2751,Azalan
HO,DEMOCRACY,36,1230.86,703.63,-37.6096,Azalan
HO,WOUND,36,792.42,766.73,-50.2879,Azalan
HO,DRUG,36,1100.97,542.34,-51.4114,Azalan
HO,CRIME,36,1244.81,536.72,-53.0804,Azalan
HO,MARITIME,36,1170.36,924.07,-54.2179,Azalan
HO,ARMEDCONFLICT,36,2219.25,893.84,-54.8473,Azalan
HO,CORRUPTION,36,1141.92,454.46,-56.6515,Azalan
HO,HEALTH,36,1090.47,837.87,-61.7704,Azalan
HO,MEDICAL,36,2890.94,1292.2,-68.0513,Azalan
HO,UNGP,36,7116.92,2406.21,-72.7727,Azalan
HO,TRIAL,36,2373.89,879.94,-76.8182,Azalan
HO,MANMADE,36,3657.39,1702.79,-86.8065,Azalan
HO,ARREST,36,2249.03,1281.27,-96.4044,Azalan
HO,KILL,36,3278.69,1832.56,-100.4277,Azalan
HO,SECURITY,36,2443.67,1304.42,-101.3683,Azalan
HO,MEDIA,36,2832.97,1200.98,-110.0455,Azalan
HO,CRISISLEX,36,8914.5,3151.95,-116.1259,Azalan
HO,SOC,36,6970.94,2934.31,-128.8788,Azalan
HO,WB,36,10037.03,3402.94,-137.1107,Azalan
HO,USPEC,36,6992.44,2474.89,-141.2751,Azalan
HO,EPU,36,9292.44,3271.48,-148.1469,Azalan
HO,GENERAL,36,6837.47,2444.1,-149.2179,Azalan
HO,TAX,36,12038.11,4054.59,-166.9277,Azalan
HO,LEADER,36,5726.89,2174.88,-171.2541,Azalan
HR,SOC,36,12084.56,2840.0,160.8648,Artan
HR,CRISISLEX,36,21260.44,4725.15,156.4522,Artan
HR,SECURITY,36,4505.31,1901.63,112.7378,Artan
HR,WB,36,27839.33,5725.49,108.3916,Artan
HR,ARREST,36,2774.47,1409.85,100.6422,Artan
HR,UNGP,36,17821.89,4266.52,95.9394,Artan
HR,WOUND,36,1868.08,910.57,85.0921,Artan
HR,EPU,36,25188.56,4417.31,84.8904,Artan
HR,TOURISM,36,3297.17,1674.05,66.3473,Artan
HR,KILL,36,5692.56,1763.97,64.8298,Artan
HR,NATURAL,36,3334.83,1976.97,62.676,Artan
HR,MEDICAL,36,5910.5,1312.02,61.5012,Artan
HR,GEN,36,2194.75,1192.22,45.5862,Artan
HR,TRAFFIC,36,1598.14,663.73,45.1131,Artan
HR,VIOLENT,36,351.97,1235.57,34.9779,Artan
HR,SCIENCE,36,2178.0,502.63,32.1352,Artan
HR,ORGANIZED,36,519.31,194.57,29.7214,Artan
HR,ENV,36,3091.83,821.13,28.3054,Artan
HR,DISASTER,36,526.25,688.83,27.9615,Artan
HR,AGRICULTURE,36,1810.67,607.46,26.7762,Artan
HR,WATER,36,687.31,506.28,24.1597,Artan
HR,TERROR,36,1770.83,832.33,23.1888,Artan
HR,PUBLIC,36,1633.17,548.85,21.5944,Artan
HR,GOV,36,690.83,255.01,18.2261,Artan
HR,IMMIGRATION,36,571.33,218.53,18.0583,Artan
HR,AFFECT,36,5927.39,1506.15,18.0,Artan
HR,GENERAL,36,17737.36,3047.75,17.7354,Artan
HR,ASSASSINATION,36,144.17,545.82,17.0536,Artan
HR,SMUGGLING,36,351.56,157.69,16.7203,Artan
HR,EVACUATION,36,706.75,750.55,14.0175,Artan
HR,ROAD,36,353.53,195.3,13.5373,Artan
HR,URBAN,36,1038.36,376.27,12.7797,Artan
HR,VETO,36,300.25,217.35,11.9289,Artan
HR,RURAL,36,561.28,188.31,10.8485,Artan
HR,RETIREMENT,36,951.33,227.76,10.4895,Artan
HR,USPEC,36,16938.72,2782.19,9.9394,Stabil
HR,DELAY,36,2077.58,469.35,9.211,Stabil
HR,NEW,36,385.78,103.9,8.4289,Stabil
HR,RELEASE,36,204.72,183.46,8.3077,Stabil
HR,DRUG,36,568.19,187.33,8.2739,Stabil
HR,CRM,36,110.58,265.52,8.0431,Stabil
HR,FOOD,36,529.39,161.11,7.6527,Stabil
HR,BLOCKADE,36,323.39,177.53,7.296,Stabil
HR,KIDNAP,36,472.72,287.29,7.2448,Stabil
HR,SEIZE,36,365.58,136.43,7.0967,Stabil
HR,IDEOLOGY,36,1564.61,326.69,6.5058,Stabil
HR,SEIGE,36,412.83,194.48,6.4895,Stabil
HR,CRIME,36,873.94,181.95,5.7436,Stabil
HR,SURVEILLANCE,36,193.0,97.69,5.4149,Stabil
HR,BORDER,36,2747.19,835.17,5.1177,Stabil
HR,CEASEFIRE,36,289.28,275.95,5.1142,Stabil
HR,SICKENED,36,33.83,119.43,4.2168,Stabil
HR,POWER,36,140.11,153.93,3.7529,Stabil
HR,TRANSPARENCY,36,390.28,141.22,3.5594,Stabil
HR,EMERG,36,35.33,62.37,3.3497,Stabil
HR,VANDALIZE,36,89.31,70.29,3.3182,Stabil
HR,JIHAD,36,38.19,53.04,3.2739,Stabil
HR,INFRASTRUCTURE,36,58.33,42.81,2.9627,Stabil
HR,POVERTY,36,480.11,131.26,2.9161,Stabil
HR,DEATH,36,101.14,140.62,2.8893,Stabil
HR,RETALIATE,36,207.83,68.2,2.8065,Stabil
HR,REFUGEES,36,1010.64,455.39,2.5,Stabil
HR,STRIKE,36,242.94,99.85,2.4359,Stabil
HR,SANITATION,36,222.03,92.05,2.2646,Stabil
HR,RAIL,36,36.03,72.55,2.2483,Stabil
HR,TREASON,36,75.89,39.42,2.0373,Stabil
HR,ETH,36,171.56,60.48,1.9953,Stabil
HR,EXHUMATION,36,104.64,74.55,1.8217,Stabil
HR,LANDMINE,36,34.31,48.1,1.7448,Stabil
HR,GENDER,36,102.47,54.84,1.6166,Stabil
HR,SUICIDE,36,32.78,38.5,1.3357,Stabil
HR,POLITICAL,36,401.75,196.22,1.3065,Stabil
HR,INFO,36,247.69,68.2,1.0245,Stabil
HR,DISABILITY,36,580.94,128.23,0.951,Stabil
HR,RATIFY,36,246.06,117.15,0.9161,Stabil
HR,PIRACY,36,48.61,38.48,0.8974,Stabil
HR,AVIATION,36,52.5,68.03,0.6131,Stabil
HR,RAPE,36,316.94,130.68,0.6084,Stabil
HR,TAKE,36,111.97,75.74,0.5629,Stabil
HR,INEQUALITY,36,115.28,44.03,0.5501,Stabil
HR,INCOME,30,6.5,6.11,0.5412,Stabil
HR,BULLYING,36,92.0,35.7,0.5385,Stabil
HR,CLAIM,36,17.11,12.98,0.4895,Stabil
HR,CHARASMATIC,36,21.47,22.74,0.2016,Stabil
HR,POL,23,3.52,3.04,0.1837,Stabil
HR,PHONE,13,1.92,1.44,0.1263,Stabil
HR,SLUMS,36,9.58,5.96,0.0967,Stabil
HR,PROPERTY,36,18.33,11.79,0.0793,Stabil
HR,IMPEACHMENT,36,37.39,20.17,0.0723,Stabil
HR,STATE,36,112.06,147.43,0.0699,Stabil
HR,GENTRIFICATION,31,4.29,3.77,0.0201,Stabil
HR,UNSAFE,36,78.97,24.32,0.0082,Stabil
HR,LITERACY,36,92.17,31.55,-0.0256,Stabil
HR,AUSTERITY,36,19.83,8.74,-0.0303,Stabil
HR,LOCUSTS,32,3.56,3.27,-0.1087,Stabil
HR,BLACK,36,31.86,14.79,-0.1387,Stabil
HR,FIREARM,32,20.44,68.88,-0.1564,Stabil
HR,DEFECTION,36,22.44,12.28,-0.1632,Stabil
HR,RETIREMENTS,36,71.86,14.3,-0.1713,Stabil
HR,INTERNET,29,3.34,3.65,-0.265,Stabil
HR,UNGOVERNED,5,4.2,5.07,-0.3898,Stabil
HR,ACT,36,294.44,87.29,-0.6131,Stabil
HR,PIPELINE,32,9.03,14.39,-0.621,Stabil
HR,JUSTICE,36,87.81,41.21,-0.7051,Stabil
HR,PRIVATIZATION,36,109.89,29.76,-0.8135,Stabil
HR,RECRUITMENT,36,239.28,77.37,-0.9184,Stabil
HR,GRIEVANCES,36,43.69,24.37,-0.9289,Stabil
HR,MED,36,52.39,22.42,-0.9324,Stabil
HR,CLOSURE,36,87.22,59.17,-0.986,Stabil
HR,EXTREMISM,36,1047.08,384.03,-1.0571,Stabil
HR,TORTURE,36,293.86,87.8,-1.12,Stabil
HR,INSURGENCY,36,24.94,12.69,-1.1515,Stabil
HR,FREESPEECH,36,63.97,33.83,-1.1923,Stabil
HR,HARASSMENT,36,198.53,76.31,-1.2319,Stabil
HR,POPULATION,36,29.67,16.05,-1.2727,Stabil
HR,CURFEW,36,13.72,15.73,-1.2867,Stabil
HR,HUMAN,36,551.0,133.91,-1.5058,Stabil
HR,EXILE,36,114.75,37.41,-1.521,Stabil
HR,RELATIONS,36,100.75,37.48,-1.535,Stabil
HR,LEG,36,20.11,21.42,-1.6923,Stabil
HR,AID,36,150.22,132.19,-1.7413,Stabil
HR,TECH,36,90.78,44.18,-1.986,Stabil
HR,CHECKPOINT,36,61.28,40.78,-2.1212,Stabil
HR,WHISTLEBLOWER,36,30.22,23.03,-2.2075,Stabil
HR,DISPLACED,36,226.39,105.28,-2.4592,Stabil
HR,REBELS,36,199.86,69.92,-2.7098,Stabil
HR,SCANDAL,36,388.19,119.66,-3.0758,Stabil
HR,REBELLION,36,411.5,103.16,-3.1445,Stabil
HR,PERSECUTION,36,351.5,103.48,-3.2471,Stabil
HR,REL,36,65.0,54.61,-3.4196,Stabil
HR,SHORTAGE,36,368.14,117.5,-3.486,Stabil
HR,UNEMPLOYMENT,36,431.81,102.1,-3.7704,Stabil
HR,RELIGION,36,787.89,304.59,-3.993,Stabil
HR,TRIAL,36,3274.72,1033.26,-4.2168,Stabil
HR,RESIGNATION,36,546.22,268.04,-4.2214,Stabil
HR,LEGALIZE,36,88.97,38.51,-4.8333,Stabil
HR,HATE,36,62.78,34.85,-4.8741,Stabil
HR,CONFISCATION,36,227.11,100.76,-6.2541,Stabil
HR,LGBT,36,211.03,139.94,-7.6865,Stabil
HR,CYBER,36,221.61,89.38,-8.1375,Stabil
HR,DISCRIMINATION,36,959.75,212.61,-8.4814,Stabil
HR,PROPAGANDA,36,259.97,77.59,-8.6166,Stabil
HR,MEDIA,36,7607.14,1730.32,-8.7191,Stabil
HR,FUELPRICES,36,532.75,254.72,-8.7704,Stabil
HR,PEACEKEEPING,36,117.83,79.49,-8.9814,Stabil
HR,SEPARATISTS,36,199.42,175.71,-9.1503,Stabil
HR,CORRUPTION,36,1669.17,514.83,-9.7716,Stabil
HR,MOVEMENT,36,2394.47,952.92,-9.9429,Stabil
HR,WMD,36,210.5,170.19,-10.9114,Azalan
HR,BAN,36,1371.14,391.98,-11.514,Azalan
HR,MIL,36,185.64,152.59,-13.1667,Azalan
HR,SOVEREIGNTY,36,666.56,191.16,-13.2308,Azalan
HR,APPOINTMENT,36,1080.44,255.94,-18.7436,Azalan
HR,DRONES,36,416.22,419.74,-19.2191,Azalan
HR,SLFID,36,1151.47,232.03,-21.2086,Azalan
HR,DEMOCRACY,36,1872.36,482.48,-22.9522,Azalan
HR,UNREST,36,1302.06,348.46,-24.8182,Azalan
HR,NEGOTIATIONS,36,1677.22,432.87,-26.6853,Azalan
HR,PROTEST,36,1568.89,724.17,-27.3636,Azalan
HR,SELF,36,1997.69,612.17,-28.7704,Azalan
HR,MILITARY,36,2989.19,708.82,-29.4021,Azalan
HR,MARITIME,36,3583.78,996.81,-34.9184,Azalan
HR,LEGISLATION,36,4219.39,669.79,-36.5361,Azalan
HR,ECON,36,6911.08,1018.7,-40.3578,Azalan
HR,CONSTITUTIONAL,36,1666.89,633.3,-43.2727,Azalan
HR,ARMEDCONFLICT,36,7548.5,1651.18,-51.7716,Azalan
HR,MANMADE,36,8327.08,2335.46,-67.0944,Azalan
HR,SANCTIONS,36,1293.31,715.26,-70.0991,Azalan
HR,ELECTION,36,3549.58,1899.29,-72.9266,Azalan
HR,EDUCATION,36,6962.44,1522.06,-77.4196,Azalan
HR,ALLIANCE,36,2036.5,849.99,-78.1888,Azalan
HR,HEALTH,36,1321.44,823.07,-101.4895,Azalan
HR,TAX,36,37025.78,7203.79,-206.7972,Azalan
HR,LEADER,36,13323.03,2736.11,-261.1037,Azalan
KG,USPEC,36,8521.28,2467.7,59.8811,Artan
KG,UNGP,36,7829.08,2114.44,48.5862,Artan
KG,SCIENCE,36,2542.14,595.31,34.3485,Artan
KG,AVIATION,36,116.69,480.54,33.6469,Artan
KG,DRONES,36,437.81,358.27,22.9942,Artan
KG,SOVEREIGNTY,36,656.94,414.81,19.0629,Artan
KG,IDEOLOGY,36,1188.28,434.2,16.9044,Artan
KG,EPU,36,10378.19,2647.13,14.9779,Artan
KG,AGRICULTURE,36,1727.75,527.65,14.2576,Artan
KG,SLFID,36,1215.22,527.32,13.3543,Artan
KG,CEASEFIRE,36,201.78,320.85,11.951,Artan
KG,WATER,36,346.97,120.64,11.6935,Artan
KG,ENV,36,2509.39,824.71,10.7972,Artan
KG,NEGOTIATIONS,36,652.44,315.67,9.1981,Stabil
KG,WB,36,11519.11,2736.69,9.1725,Stabil
KG,FOOD,36,343.22,134.35,7.8811,Stabil
KG,RATIFY,36,171.25,113.13,6.3718,Stabil
KG,RELATIONS,36,176.64,92.33,3.535,Stabil
KG,DISCRIMINATION,36,315.42,101.55,3.2879,Stabil
KG,RECRUITMENT,36,301.44,102.4,3.1748,Stabil
KG,TOURISM,36,1193.75,399.87,2.9825,Stabil
KG,PUBLIC,36,893.64,412.17,2.7844,Stabil
KG,ETH,36,89.33,33.61,2.1608,Stabil
KG,TECH,36,134.42,49.86,2.1154,Stabil
KG,LITERACY,36,69.83,21.56,2.0186,Stabil
KG,REFUGEES,36,289.17,162.12,1.9277,Stabil
KG,PERSECUTION,36,131.44,57.29,1.8881,Stabil
KG,POVERTY,36,524.19,234.16,1.852,Stabil
KG,STRIKE,36,145.69,133.67,1.7075,Stabil
KG,SOC,36,6023.86,1614.45,1.3508,Stabil
KG,MIL,36,123.33,100.41,1.3357,Stabil
KG,GENDER,36,49.78,29.1,1.2284,Stabil
KG,IMPEACHMENT,36,19.75,28.18,1.2203,Stabil
KG,CHARASMATIC,33,18.3,29.59,1.0474,Stabil
KG,JUSTICE,36,24.25,19.17,0.8893,Stabil
KG,WMD,36,164.83,137.48,0.8741,Stabil
KG,SEPARATISTS,36,85.22,52.1,0.7343,Stabil
KG,PROPERTY,36,72.03,60.66,0.6865,Stabil
KG,LANDMINE,36,8.06,6.2,0.4569,Stabil
KG,ACT,36,171.83,119.6,0.3543,Stabil
KG,CLOSURE,36,62.42,30.03,0.3112,Stabil
KG,HATE,33,5.79,4.59,0.1532,Stabil
KG,DEFECTION,36,12.42,5.65,0.1457,Stabil
KG,TRAFFIC,36,362.5,120.32,0.0653,Stabil
KG,IMMIGRATION,36,203.69,87.35,0.0548,Stabil
KG,PHONE,10,1.6,0.84,0.05,Stabil
KG,LOCUSTS,25,4.28,6.1,0.0164,Stabil
KG,EXILE,36,94.03,45.49,0.0152,Stabil
KG,BLACK,36,14.42,11.99,-0.0058,Stabil
KG,RETIREMENTS,36,15.97,9.19,-0.0548,Stabil
KG,POL,16,2.94,2.17,-0.0655,Stabil
KG,GENTRIFICATION,6,1.33,0.52,-0.0787,Stabil
KG,SLUMS,36,12.39,10.9,-0.1049,Stabil
KG,FIREARM,29,2.59,1.5,-0.1127,Stabil
KG,LEG,34,12.26,13.23,-0.1864,Stabil
KG,AUSTERITY,35,20.17,15.27,-0.2101,Stabil
KG,PRIVATIZATION,36,48.06,26.99,-0.2774,Stabil
KG,REL,36,16.0,10.16,-0.2867,Stabil
KG,LEGALIZE,36,88.19,32.06,-0.3205,Stabil
KG,INCOME,23,5.3,8.84,-0.364,Stabil
KG,INFRASTRUCTURE,36,30.33,24.82,-0.373,Stabil
KG,ASSASSINATION,36,12.69,10.08,-0.3834,Stabil
KG,EXHUMATION,36,17.33,26.72,-0.4009,Stabil
KG,UNSAFE,36,33.78,17.63,-0.5082,Stabil
KG,SUICIDE,36,29.86,25.03,-0.5396,Stabil
KG,UNGOVERNED,8,3.5,4.07,-0.5729,Stabil
KG,NEW,36,439.86,205.31,-0.6096,Stabil
KG,WHISTLEBLOWER,36,9.5,6.67,-0.6434,Stabil
KG,BULLYING,36,49.78,28.68,-0.8578,Stabil
KG,JIHAD,36,41.06,33.55,-0.8834,Stabil
KG,RETALIATE,36,102.53,48.14,-0.9499,Stabil
KG,KIDNAP,36,169.61,75.51,-0.9767,Stabil
KG,RAIL,36,17.75,18.19,-0.9802,Stabil
KG,SICKENED,29,9.76,14.03,-1.0441,Stabil
KG,DEATH,36,43.94,31.48,-1.1958,Stabil
KG,FREESPEECH,36,55.81,29.0,-1.2786,Stabil
KG,SMUGGLING,36,117.86,44.24,-1.3718,Stabil
KG,CLAIM,36,28.94,64.8,-1.3986,Stabil
KG,PIRACY,36,32.28,22.18,-1.4242,Stabil
KG,POPULATION,36,25.92,21.61,-1.479,Stabil
KG,SURVEILLANCE,36,74.17,39.98,-1.4942,Stabil
KG,LGBT,36,49.53,19.7,-1.6469,Stabil
KG,CHECKPOINT,36,83.39,41.2,-1.7552,Stabil
KG,VETO,36,60.61,37.81,-1.9417,Stabil
KG,INTERNET,36,12.61,36.67,-2.0373,Stabil
KG,PIPELINE,30,11.27,20.57,-2.0543,Stabil
KG,DISABILITY,36,196.06,47.5,-2.1259,Stabil
KG,EMERG,36,29.81,60.55,-2.1434,Stabil
KG,SHORTAGE,36,293.25,133.23,-2.2203,Stabil
KG,RELIGION,36,472.06,145.19,-2.3287,Stabil
KG,CYBER,36,109.92,37.22,-2.4441,Stabil
KG,SELF,36,857.64,316.07,-2.4487,Stabil
KG,HARASSMENT,36,71.11,32.83,-2.4709,Stabil
KG,SCANDAL,36,112.06,44.52,-2.4848,Stabil
KG,REBELS,36,94.47,102.17,-2.528,Stabil
KG,INSURGENCY,36,27.78,30.63,-2.6224,Stabil
KG,INEQUALITY,36,36.69,42.12,-2.81,Stabil
KG,RAPE,36,112.86,43.24,-3.0431,Stabil
KG,CRM,36,32.42,28.49,-3.3998,Stabil
KG,MED,36,47.39,52.22,-3.4382,Stabil
KG,DRUG,36,294.61,128.86,-3.5524,Stabil
KG,TRANSPARENCY,36,262.33,91.02,-3.7762,Stabil
KG,TAKE,36,75.22,51.48,-3.9953,Stabil
KG,INFO,36,146.19,59.43,-4.1107,Stabil
KG,VANDALIZE,36,35.42,31.15,-4.1737,Stabil
KG,SANITATION,36,120.75,49.17,-4.5699,Stabil
KG,CONFISCATION,36,107.69,42.37,-4.5932,Stabil
KG,TREASON,36,51.17,77.57,-4.6503,Stabil
KG,BLOCKADE,36,121.64,72.39,-4.7471,Stabil
KG,DISPLACED,36,84.31,60.32,-4.8263,Stabil
KG,ROAD,36,37.97,46.55,-5.542,Stabil
KG,SEIGE,36,211.92,97.39,-6.0128,Stabil
KG,ORGANIZED,36,182.83,120.97,-6.2005,Stabil
KG,URBAN,36,552.36,162.45,-6.3042,Stabil
KG,AID,36,148.42,101.32,-6.3555,Stabil
KG,TORTURE,36,138.78,82.48,-6.5385,Stabil
KG,RURAL,36,572.89,131.01,-6.5455,Stabil
KG,HUMAN,36,272.17,116.24,-7.2424,Stabil
KG,RETIREMENT,36,290.25,86.39,-7.3508,Stabil
KG,CURFEW,34,24.94,91.58,-7.6387,Stabil
KG,DISASTER,36,177.25,134.52,-8.176,Stabil
KG,PROPAGANDA,36,220.03,63.24,-8.4044,Stabil
KG,DEMOCRACY,36,658.31,306.94,-9.1084,Stabil
KG,POWER,36,55.81,74.3,-9.1177,Stabil
KG,TRIAL,36,1044.39,260.74,-9.2354,Stabil
KG,GOV,36,593.19,190.32,-9.7587,Stabil
KG,MOVEMENT,36,839.0,212.47,-10.7646,Azalan
KG,GRIEVANCES,36,89.22,168.6,-11.4545,Azalan
KG,UNEMPLOYMENT,36,171.64,106.61,-11.5909,Azalan
KG,BAN,36,638.11,202.9,-13.0047,Azalan
KG,MEDIA,36,4549.78,1272.23,-14.0163,Azalan
KG,ALLIANCE,36,642.5,516.76,-14.5828,Azalan
KG,EXTREMISM,36,434.36,302.19,-14.6492,Azalan
KG,ELECTION,36,751.03,212.33,-15.0268,Azalan
KG,APPOINTMENT,36,497.36,174.21,-15.9895,Azalan
KG,ECON,36,3734.86,885.41,-16.0478,Azalan
KG,RELEASE,36,130.53,150.94,-17.2739,Azalan
KG,LEGISLATION,36,2195.06,540.78,-17.5501,Azalan
KG,REBELLION,36,241.28,223.52,-17.5828,Azalan
KG,AFFECT,36,1548.11,596.84,-18.7133,Azalan
KG,SEIZE,36,288.44,194.9,-19.0093,Azalan
KG,CORRUPTION,36,588.83,174.66,-19.8834,Azalan
KG,MARITIME,36,1359.14,613.42,-21.176,Azalan
KG,CRIME,36,352.67,231.31,-21.4615,Azalan
KG,GENERAL,36,8073.47,2002.98,-21.5396,Azalan
KG,STATE,36,94.44,279.12,-22.9674,Azalan
KG,RESIGNATION,36,223.19,339.6,-23.6585,Azalan
KG,EVACUATION,36,273.31,227.51,-24.5979,Azalan
KG,WOUND,36,794.36,671.12,-25.2366,Azalan
KG,SANCTIONS,36,956.86,524.84,-25.3368,Azalan
KG,CONSTITUTIONAL,36,629.75,248.91,-25.9219,Azalan
KG,DELAY,36,937.08,307.8,-27.6702,Azalan
KG,VIOLENT,36,129.42,323.16,-27.7564,Azalan
KG,UNREST,36,857.86,395.22,-29.2226,Azalan
KG,FUELPRICES,36,168.97,386.28,-30.6189,Azalan
KG,MEDICAL,36,3437.5,878.34,-32.5571,Azalan
KG,MILITARY,36,1432.19,830.26,-35.4534,Azalan
KG,GEN,36,614.03,315.29,-37.6678,Azalan
KG,PEACEKEEPING,36,200.61,571.48,-39.2844,Azalan
KG,POLITICAL,36,221.56,507.3,-41.4149,Azalan
KG,ARREST,36,1187.39,558.75,-45.2774,Azalan
KG,HEALTH,36,678.78,606.75,-45.3124,Azalan
KG,KILL,36,2285.25,1034.91,-48.8939,Azalan
KG,NATURAL,36,1467.33,499.94,-51.4825,Azalan
KG,BORDER,36,1443.67,935.18,-52.951,Azalan
KG,TERROR,36,1125.67,817.89,-54.0186,Azalan
KG,ARMEDCONFLICT,36,3267.58,1459.96,-55.8683,Azalan
KG,PROTEST,36,904.22,818.91,-65.6177,Azalan
KG,CRISISLEX,36,8846.08,2308.86,-69.6702,Azalan
KG,EDUCATION,36,4311.39,1146.61,-79.634,Azalan
KG,SECURITY,36,1518.81,998.21,-89.796,Azalan
KG,LEADER,36,6167.31,2441.51,-110.134,Azalan
KG,MANMADE,36,3873.97,1503.66,-149.7284,Azalan
KG,TAX,36,14390.97,3255.96,-218.3438,Azalan
LO,GEN,36,474.89,171.21,21.2261,Artan
LO,IMMIGRATION,36,297.72,221.48,12.4312,Artan
LO,ELECTION,36,2361.17,2055.81,12.1096,Artan
LO,NEGOTIATIONS,36,1240.42,637.7,9.134,Stabil
LO,SMUGGLING,36,108.28,102.19,7.7786,Stabil
LO,ECON,36,3009.22,783.41,6.7716,Stabil
LO,DRUG,36,152.0,53.42,5.0909,Stabil
LO,TOURISM,36,509.22,149.45,4.8788,Stabil
LO,NATURAL,36,997.67,339.3,4.352,Stabil
LO,TRAFFIC,36,399.42,165.8,4.1667,Stabil
LO,CRM,36,46.03,112.83,3.4534,Stabil
LO,LGBT,36,183.97,117.93,3.4487,Stabil
LO,FUELPRICES,36,285.92,177.63,2.3438,Stabil
LO,RESIGNATION,36,441.17,288.4,1.8368,Stabil
LO,PRIVATIZATION,36,46.31,24.54,1.6585,Stabil
LO,HATE,36,24.36,34.45,1.2972,Stabil
LO,UNEMPLOYMENT,36,142.5,46.75,1.2867,Stabil
LO,FREESPEECH,36,64.64,42.2,1.1807,Stabil
LO,UNSAFE,36,32.19,16.18,1.1247,Stabil
LO,NEW,36,126.33,42.88,0.7855,Stabil
LO,AUSTERITY,36,24.33,16.66,0.7762,Stabil
LO,DEFECTION,36,17.83,14.09,0.7692,Stabil
LO,INEQUALITY,36,41.08,20.49,0.7028,Stabil
LO,DRONES,36,325.42,235.38,0.5629,Stabil
LO,TAKE,36,154.06,106.21,0.4848,Stabil
LO,LEGALIZE,36,28.75,12.21,0.3811,Stabil
LO,IMPEACHMENT,36,48.25,29.59,0.3555,Stabil
LO,INCOME,30,4.2,7.08,0.3432,Stabil
LO,STRIKE,36,155.19,77.53,0.3345,Stabil
LO,TREASON,36,85.78,37.81,0.3333,Stabil
LO,VANDALIZE,36,38.11,20.08,0.2261,Stabil
LO,WATER,36,215.58,188.22,0.127,Stabil
LO,CHARASMATIC,36,14.47,21.9,0.0921,Stabil
LO,UNGOVERNED,7,1.71,1.25,0.0759,Stabil
LO,SLUMS,35,7.0,4.74,0.0606,Stabil
LO,PHONE,8,1.38,0.74,-0.0132,Stabil
LO,WHISTLEBLOWER,36,14.22,16.33,-0.0233,Stabil
LO,SICKENED,36,11.14,37.73,-0.0408,Stabil
LO,GENTRIFICATION,22,1.77,1.15,-0.0451,Stabil
LO,RETIREMENTS,36,44.03,23.37,-0.1364,Stabil
LO,CLAIM,35,9.09,13.74,-0.1521,Stabil
LO,POL,6,2.67,3.14,-0.2158,Stabil
LO,POPULATION,36,6.56,4.51,-0.2261,Stabil
LO,PROPERTY,36,14.31,7.25,-0.2296,Stabil
LO,CRIME,36,266.0,67.47,-0.2308,Stabil
LO,AVIATION,36,26.58,29.71,-0.2576,Stabil
LO,JIHAD,36,17.28,15.56,-0.2914,Stabil
LO,LOCUSTS,17,4.12,5.79,-0.3621,Stabil
LO,LITERACY,36,37.56,22.8,-0.3939,Stabil
LO,ROAD,36,54.22,21.95,-0.4336,Stabil
LO,BLACK,36,14.08,6.09,-0.4977,Stabil
LO,PIRACY,36,55.06,22.29,-0.5035,Stabil
LO,GRIEVANCES,36,58.22,45.96,-0.5921,Stabil
LO,ETH,36,55.5,25.01,-0.6713,Stabil
LO,TECH,36,39.08,18.43,-0.7261,Stabil
LO,INFO,36,159.19,61.01,-0.7284,Stabil
LO,POVERTY,36,203.61,70.84,-0.8298,Stabil
LO,SUICIDE,36,17.5,12.31,-0.8345,Stabil
LO,CHECKPOINT,36,82.06,141.2,-1.0303,Stabil
LO,LANDMINE,36,16.56,33.89,-1.042,Stabil
LO,FIREARM,29,9.66,36.89,-1.1897,Stabil
LO,PIPELINE,22,8.86,16.55,-1.191,Stabil
LO,JUSTICE,36,39.83,23.62,-1.338,Stabil
LO,INTERNET,28,9.64,27.24,-1.3459,Stabil
LO,MED,36,34.67,118.08,-1.3893,Stabil
LO,VIOLENT,36,59.03,28.97,-1.4371,Stabil
LO,TRANSPARENCY,36,179.44,96.73,-1.4476,Stabil
LO,RECRUITMENT,36,176.28,64.04,-1.4476,Stabil
LO,HARASSMENT,36,63.92,36.82,-1.5886,Stabil
LO,LEG,36,11.94,19.64,-1.6946,Stabil
LO,RAIL,36,22.36,31.44,-1.8403,Stabil
LO,SANITATION,36,83.33,46.51,-2.0326,Stabil
LO,BULLYING,36,90.33,115.26,-2.0559,Stabil
LO,IDEOLOGY,36,875.97,321.15,-2.2179,Stabil
LO,RELATIONS,36,73.25,50.52,-2.3182,Stabil
LO,ENV,36,1577.31,733.78,-2.4044,Stabil
LO,RETALIATE,36,160.81,134.0,-2.4161,Stabil
LO,POWER,36,60.11,67.42,-2.7179,Stabil
LO,RELEASE,36,119.19,82.31,-2.7308,Stabil
LO,TORTURE,36,107.78,73.66,-2.7762,Stabil
LO,ASSASSINATION,36,122.83,304.41,-2.8345,Stabil
LO,GENDER,36,39.14,36.57,-2.852,Stabil
LO,ORGANIZED,36,212.92,208.9,-2.8869,Stabil
LO,EMERG,36,27.75,30.24,-2.9196,Stabil
LO,RELIGION,36,334.58,125.68,-3.1737,Stabil
LO,SCANDAL,36,241.56,148.81,-3.1981,Stabil
LO,INSURGENCY,36,36.33,47.45,-3.2634,Stabil
LO,SURVEILLANCE,36,123.78,56.44,-3.4942,Stabil
LO,KIDNAP,36,236.56,129.13,-3.5804,Stabil
LO,REL,36,75.33,43.19,-3.662,Stabil
LO,SCIENCE,36,883.5,290.29,-4.0396,Stabil
LO,INFRASTRUCTURE,36,24.92,52.03,-4.2716,Stabil
LO,EXILE,36,173.31,178.07,-4.3998,Stabil
LO,REBELS,36,119.44,76.57,-4.5408,Stabil
LO,CONFISCATION,36,103.61,61.29,-4.6154,Stabil
LO,RETIREMENT,36,284.06,90.51,-4.6573,Stabil
LO,BLOCKADE,36,236.42,392.05,-5.148,Stabil
LO,SHORTAGE,36,183.67,108.9,-5.3054,Stabil
LO,CLOSURE,36,67.94,73.63,-5.4639,Stabil
LO,RURAL,36,271.86,107.82,-5.7984,Stabil
LO,PEACEKEEPING,36,60.06,88.0,-5.8741,Stabil
LO,DEATH,36,83.83,41.78,-6.0816,Stabil
LO,REBELLION,36,415.06,249.95,-6.373,Stabil
LO,RAPE,36,134.97,71.35,-6.5373,Stabil
LO,CURFEW,36,33.78,53.53,-6.5967,Stabil
LO,MOVEMENT,36,1211.42,483.52,-7.4044,Stabil
LO,CORRUPTION,36,744.78,522.49,-7.5711,Stabil
LO,CYBER,36,155.17,120.39,-7.979,Stabil
LO,DISASTER,36,234.44,192.57,-8.0606,Stabil
LO,EXHUMATION,36,64.33,150.49,-8.7855,Stabil
LO,DISCRIMINATION,36,488.22,232.83,-9.3753,Stabil
LO,ACT,36,191.97,138.85,-9.3858,Stabil
LO,PERSECUTION,36,170.11,88.36,-9.4918,Stabil
LO,CEASEFIRE,36,291.28,333.12,-10.2145,Azalan
LO,STATE,36,88.14,128.72,-10.3368,Azalan
LO,GOV,36,413.0,238.58,-10.3497,Azalan
LO,RATIFY,36,173.03,110.95,-10.5256,Azalan
LO,APPOINTMENT,36,617.25,275.34,-10.803,Azalan
LO,SEIGE,36,337.22,473.27,-11.8928,Azalan
LO,URBAN,36,528.44,204.43,-12.8951,Azalan
LO,SEIZE,36,209.06,156.2,-13.8159,Azalan
LO,POLITICAL,36,238.11,142.95,-14.4033,Azalan
LO,VETO,36,226.39,195.55,-15.0256,Azalan
LO,FOOD,36,255.0,217.51,-15.5035,Azalan
LO,AGRICULTURE,36,840.14,410.8,-15.6678,Azalan
LO,PROPAGANDA,36,337.14,181.26,-16.0338,Azalan
LO,MIL,36,211.75,189.05,-16.3578,Azalan
LO,DISABILITY,36,284.42,167.46,-16.803,Azalan
LO,HUMAN,36,348.69,219.32,-19.472,Azalan
LO,SLFID,36,1234.61,699.01,-20.1935,Azalan
LO,AID,36,297.78,421.8,-21.7809,Azalan
LO,EXTREMISM,36,1141.78,744.16,-22.9138,Azalan
LO,CONSTITUTIONAL,36,786.33,288.45,-23.31,Azalan
LO,DISPLACED,36,198.56,314.79,-23.4336,Azalan
LO,DELAY,36,1060.08,449.99,-24.9009,Azalan
LO,SEPARATISTS,36,179.69,302.56,-26.9312,Azalan
LO,TERROR,36,1054.39,720.34,-27.7576,Azalan
LO,TRIAL,36,1354.36,827.29,-29.5023,Azalan
LO,WMD,36,286.56,328.79,-31.0326,Azalan
LO,HEALTH,36,463.44,273.76,-31.1655,Azalan
LO,PROTEST,36,1205.25,723.49,-31.4464,Azalan
LO,LEGISLATION,36,1601.17,634.85,-33.1375,Azalan
LO,MARITIME,36,1037.25,444.64,-34.5093,Azalan
LO,BAN,36,734.28,490.49,-35.7413,Azalan
LO,SECURITY,36,1913.28,1344.29,-36.711,Azalan
LO,ARREST,36,1335.94,1275.16,-38.9697,Azalan
LO,SOVEREIGNTY,36,505.39,366.51,-39.0186,Azalan
LO,DEMOCRACY,36,1408.67,993.74,-39.5058,Azalan
LO,UNREST,36,1104.58,627.21,-41.1131,Azalan
LO,WOUND,36,1060.86,1211.1,-46.1597,Azalan
LO,EVACUATION,36,487.36,627.25,-47.3998,Azalan
LO,ALLIANCE,36,1682.44,1087.87,-50.1329,Azalan
LO,PUBLIC,36,978.08,658.79,-54.528,Azalan
LO,SANCTIONS,36,978.0,899.28,-56.0629,Azalan
LO,BORDER,36,1757.31,1280.95,-67.4837,Azalan
LO,MEDICAL,36,2590.64,2276.07,-69.6538,Azalan
LO,SELF,36,1081.33,958.77,-69.7203,Azalan
LO,EDUCATION,36,3139.36,906.52,-78.5793,Azalan
LO,UNGP,36,7220.72,2541.53,-81.4895,Azalan
LO,REFUGEES,36,958.08,1355.48,-86.6562,Azalan
LO,AFFECT,36,2834.03,1550.77,-89.4697,Azalan
LO,KILL,36,2823.83,1221.4,-99.303,Azalan
LO,MEDIA,36,4317.97,2183.62,-113.4767,Azalan
LO,SOC,36,5202.47,2764.9,-114.9336,Azalan
LO,MILITARY,36,2469.44,1246.21,-116.5035,Azalan
LO,USPEC,36,8010.31,3327.52,-120.5676,Azalan
LO,GENERAL,36,10101.58,3841.05,-121.2133,Azalan
LO,WB,36,10720.53,3649.48,-134.0268,Azalan
LO,EPU,36,9936.14,4005.3,-154.1946,Azalan
LO,MANMADE,36,4236.25,1834.62,-166.9406,Azalan
LO,CRISISLEX,36,8899.08,3752.49,-182.0991,Azalan
LO,ARMEDCONFLICT,36,4815.08,2429.27,-190.1317,Azalan
LO,TAX,36,14396.28,4570.59,-196.683,Azalan
LO,LEADER,36,7128.22,3689.87,-202.4382,Azalan
SA,USPEC,36,39827.89,14521.6,827.8671,Artan
SA,EPU,36,51871.06,18032.85,736.4289,Artan
SA,UNGP,36,37568.19,12970.82,723.0338,Artan
SA,WB,36,56821.75,19064.65,613.852,Artan
SA,ENV,36,17634.39,7033.17,475.3706,Artan
SA,LEADER,36,29630.56,11702.78,405.1562,Artan
SA,ECON,36,23262.69,7719.12,390.0361,Artan
SA,SOC,36,25901.94,9753.32,365.9207,Artan
SA,CRISISLEX,36,42107.64,15564.43,352.2599,Artan
SA,TAX,36,68774.64,22480.46,330.5117,Artan
SA,GENERAL,36,33282.08,11673.33,310.2622,Artan
SA,MEDIA,36,18908.25,6869.24,264.2319,Artan
SA,ARMEDCONFLICT,36,23173.28,11955.38,234.9883,Artan
SA,LEGISLATION,36,7237.47,2631.3,208.148,Artan
SA,TERROR,36,11137.17,7743.96,203.4312,Artan
SA,KILL,36,15624.69,8254.7,195.0711,Artan
SA,EXTREMISM,36,3514.36,2501.31,189.8333,Artan
SA,KIDNAP,36,3910.44,5361.14,188.324,Artan
SA,SECURITY,36,5062.69,2677.01,187.9639,Artan
SA,MEDICAL,36,12486.89,5631.88,187.5338,Artan
SA,SCIENCE,36,6404.31,1978.38,187.1014,Artan
SA,ELECTION,36,5705.61,2160.5,179.9021,Artan
SA,REFUGEES,36,3334.17,2994.15,167.6737,Artan
SA,AFFECT,36,11246.72,6145.58,159.0117,Artan
SA,IDEOLOGY,36,4113.06,1766.53,146.1212,Artan
SA,EDUCATION,36,12251.0,4021.65,143.5431,Artan
SA,UNREST,36,6321.47,3144.48,141.9219,Artan
SA,ARREST,36,6068.97,3064.85,133.9615,Artan
SA,SEIGE,36,2267.36,2842.76,122.81,Artan
SA,MOVEMENT,36,6526.5,2673.97,119.2494,Artan
SA,RELEASE,36,2584.86,3499.01,117.803,Artan
SA,PROTEST,36,5673.75,2644.75,116.0664,Artan
SA,BLOCKADE,36,1720.69,2347.16,109.4767,Artan
SA,JIHAD,36,1169.97,1529.55,108.155,Artan
SA,AGRICULTURE,36,3581.64,1188.53,107.535,Artan
SA,SLFID,36,5094.97,2172.66,107.4674,Artan
SA,NEGOTIATIONS,36,7096.86,3818.04,105.9988,Artan
SA,MILITARY,36,9879.5,6646.05,104.1352,Artan
SA,DELAY,36,5106.92,2075.54,94.4674,Artan
SA,WOUND,36,4888.25,4233.45,91.0781,Artan
SA,SELF,36,7859.0,4450.89,88.9907,Artan
SA,BORDER,36,5024.03,3929.41,86.3928,Artan
SA,WATER,36,1395.89,948.84,81.6294,Artan
SA,DISCRIMINATION,36,1900.67,978.41,80.7483,Artan
SA,RELIGION,36,4101.33,1746.29,73.8928,Artan
SA,TOURISM,36,3623.47,1333.96,68.2949,Artan
SA,IMMIGRATION,36,1045.36,566.59,61.9382,Artan
SA,REL,36,464.03,541.64,61.0058,Artan
SA,CONSTITUTIONAL,36,1902.69,800.99,60.7517,Artan
SA,SOVEREIGNTY,36,2219.14,1067.72,52.9592,Artan
SA,DEMOCRACY,36,3926.5,2342.9,47.7739,Artan
SA,URBAN,36,1971.42,940.55,47.6305,Artan
SA,APPOINTMENT,36,2168.22,716.97,44.3939,Artan
SA,WMD,36,1351.08,813.98,42.7797,Artan
SA,PEACEKEEPING,36,314.89,291.62,40.7902,Artan
SA,GOV,36,1397.33,825.13,38.6317,Artan
SA,RESIGNATION,36,1081.11,708.01,35.1375,Artan
SA,POLITICAL,36,897.61,521.13,34.5711,Artan
SA,RETALIATE,36,1356.47,1280.77,34.176,Artan
SA,NATURAL,36,5231.19,1987.05,31.2156,Artan
SA,AID,36,2348.28,2382.16,30.8881,Artan
SA,VETO,36,696.81,576.54,30.7494,Artan
SA,TRANSPARENCY,36,1665.5,629.88,30.4336,Artan
SA,STRIKE,36,911.11,411.02,29.8392,Artan
SA,UNEMPLOYMENT,36,937.61,393.42,28.7902,Artan
SA,PERSECUTION,36,477.39,367.61,28.1748,Artan
SA,RURAL,36,839.72,350.05,26.979,Artan
SA,FUELPRICES,36,1887.78,1731.08,22.3893,Artan
SA,TRIAL,36,4897.58,1616.49,21.2529,Artan
SA,DISPLACED,36,1917.58,1805.04,20.6538,Artan
SA,NEW,36,561.81,211.62,20.2179,Artan
SA,ETH,36,330.06,185.06,19.8438,Artan
SA,INFO,36,860.44,319.53,16.3776,Artan
SA,VIOLENT,36,360.97,304.22,16.0944,Artan
SA,STATE,36,231.31,224.79,15.0688,Artan
SA,IMPEACHMENT,36,171.83,213.65,14.8625,Artan
SA,GRIEVANCES,36,332.86,178.69,14.176,Artan
SA,TORTURE,36,661.78,293.84,14.1049,Artan
SA,ACT,36,1810.44,1066.26,13.3054,Artan
SA,GEN,36,2080.72,1432.1,12.8741,Artan
SA,HUMAN,36,1303.33,642.0,12.7599,Artan
SA,TRAFFIC,36,1477.17,616.26,12.2214,Artan
SA,DISABILITY,36,820.25,331.3,11.9825,Artan
SA,PROPAGANDA,36,569.89,245.48,10.9697,Artan
SA,SUICIDE,36,393.28,270.46,10.4452,Artan
SA,INSURGENCY,36,590.06,570.12,9.8182,Stabil
SA,POWER,36,271.42,289.12,9.0828,Stabil
SA,CHECKPOINT,36,243.97,217.15,8.9662,Stabil
SA,FREESPEECH,36,375.5,240.84,8.7716,Stabil
SA,AUSTERITY,36,163.78,102.42,7.3753,Stabil
SA,DEATH,36,751.25,546.95,7.2436,Stabil
SA,VANDALIZE,36,185.33,134.66,7.1492,Stabil
SA,CHARASMATIC,36,81.72,142.59,7.014,Stabil
SA,JUSTICE,36,236.94,108.98,6.3963,Stabil
SA,RATIFY,36,534.67,232.01,6.2727,Stabil
SA,UNSAFE,36,85.83,35.18,5.9138,Stabil
SA,TREASON,36,353.36,137.45,5.3648,Stabil
SA,POPULATION,36,111.17,55.13,4.5245,Stabil
SA,TECH,36,473.47,108.42,3.7704,Stabil
SA,MED,36,137.72,103.77,3.7669,Stabil
SA,RECRUITMENT,36,870.0,279.51,3.6294,Stabil
SA,TAKE,36,741.28,521.44,3.4592,Stabil
SA,SANITATION,36,382.58,247.85,3.4068,Stabil
SA,PROPERTY,36,147.92,52.28,3.148,Stabil
SA,PRIVATIZATION,36,215.22,93.62,2.9907,Stabil
SA,LITERACY,36,133.44,43.21,2.4942,Stabil
SA,CURFEW,36,90.67,111.95,2.3147,Stabil
SA,LEG,36,30.86,21.64,2.0548,Stabil
SA,BULLYING,36,198.42,106.48,1.2622,Stabil
SA,ROAD,36,149.19,86.71,1.2599,Stabil
SA,INEQUALITY,36,194.78,112.04,1.2051,Stabil
SA,CYBER,36,871.44,262.81,1.0373,Stabil
SA,LGBT,36,408.03,230.74,0.9848,Stabil
SA,CRM,36,99.67,83.61,0.5664,Stabil
SA,SLUMS,36,49.83,30.59,0.4942,Stabil
SA,HATE,36,106.75,67.69,0.486,Stabil
SA,INFRASTRUCTURE,36,68.47,51.36,0.3695,Stabil
SA,DEFECTION,36,66.53,40.27,0.2576,Stabil
SA,GENTRIFICATION,34,5.47,5.87,0.2413,Stabil
SA,POL,34,4.71,3.35,0.0291,Stabil
SA,UNGOVERNED,35,7.06,7.04,0.0104,Stabil
SA,RETIREMENTS,36,116.5,45.69,-0.2541,Stabil
SA,GENDER,36,236.72,166.69,-0.3287,Stabil
SA,LOCUSTS,36,10.92,7.27,-0.4674,Stabil
SA,RELATIONS,36,1082.92,538.69,-0.5932,Stabil
SA,ASSASSINATION,36,480.5,407.18,-0.7925,Stabil
SA,EXHUMATION,36,112.39,95.73,-0.8741,Stabil
SA,MIL,36,977.33,429.86,-1.0559,Stabil
SA,SICKENED,36,33.92,29.32,-1.2599,Stabil
SA,PIPELINE,36,15.31,15.88,-1.2832,Stabil
SA,RETIREMENT,36,929.08,432.59,-1.4837,Stabil
SA,LEGALIZE,36,131.56,62.34,-2.1235,Stabil
SA,FIREARM,36,35.86,49.63,-2.2786,Stabil
SA,WHISTLEBLOWER,36,153.97,112.87,-2.4138,Stabil
SA,INTERNET,36,42.64,63.57,-2.5303,Stabil
SA,INCOME,36,21.97,46.3,-2.6469,Stabil
SA,PUBLIC,36,2297.72,1169.96,-2.7086,Stabil
SA,DISASTER,36,972.86,570.68,-2.9755,Stabil
SA,PHONE,20,12.6,47.19,-3.2597,Stabil
SA,ORGANIZED,36,472.97,246.4,-3.6282,Stabil
SA,BLACK,36,201.14,97.05,-4.5047,Stabil
SA,SEPARATISTS,36,284.67,224.06,-4.5431,Stabil
SA,EMERG,36,210.67,225.22,-4.6224,Stabil
SA,RAPE,36,693.58,388.87,-6.1037,Stabil
SA,PIRACY,36,316.36,284.19,-6.3065,Stabil
SA,POVERTY,36,1339.0,530.2,-6.4965,Stabil
SA,AVIATION,36,190.78,312.3,-7.0723,Stabil
SA,CLOSURE,36,477.0,320.9,-7.4056,Stabil
SA,EXILE,36,730.5,442.55,-8.2191,Stabil
SA,HARASSMENT,36,463.47,208.57,-9.9126,Stabil
SA,LANDMINE,36,169.17,114.32,-11.4382,Azalan
SA,BAN,36,3229.53,1415.39,-12.9476,Azalan
SA,SMUGGLING,36,789.14,406.76,-14.9172,Azalan
SA,DRUG,36,954.08,629.05,-14.9219,Azalan
SA,SCANDAL,36,681.72,460.93,-16.1235,Azalan
SA,CONFISCATION,36,459.06,161.81,-16.5315,Azalan
SA,CORRUPTION,36,2657.33,762.06,-17.5175,Azalan
SA,SURVEILLANCE,36,794.33,361.24,-17.669,Azalan
SA,RAIL,36,217.06,436.32,-18.3217,Azalan
SA,EVACUATION,36,2296.36,3450.15,-18.7494,Azalan
SA,SHORTAGE,36,1679.03,937.22,-32.4814,Azalan
SA,CLAIM,36,279.31,344.45,-33.2972,Azalan
SA,CRIME,36,1458.44,1383.23,-33.8135,Azalan
SA,SEIZE,36,1878.06,1142.98,-34.5851,Azalan
SA,CEASEFIRE,36,5412.42,4896.29,-45.9895,Azalan
SA,FOOD,36,2581.36,1122.42,-56.2762,Azalan
SA,REBELLION,36,2830.28,2498.18,-66.6131,Azalan
SA,MANMADE,36,18712.0,8051.56,-80.0233,Azalan
SA,ALLIANCE,36,6483.19,2690.65,-99.6911,Azalan
SA,MARITIME,36,6398.28,2876.82,-115.373,Azalan
SA,SANCTIONS,36,4515.89,2744.43,-117.8555,Azalan
SA,DRONES,36,2926.94,2033.38,-127.8485,Azalan
SA,HEALTH,36,3552.78,1959.93,-144.9907,Azalan
SA,REBELS,36,2496.83,2313.05,-156.0746,Azalan