Type,Name,Date Added,Modified History,Description
Theme,ACT_FORCEPOSTURE,2014-10-01 00:00:00,2014-10-01 00:00:00,Actions relating to changes in force posture
Theme,ACT_HARMTHREATEN,2014-10-01 00:00:00,2014-10-01 00:00:00,Actions relating to harming or threatening
Theme,ACT_MAKESTATEMENT,2014-10-01 00:00:00,2014-10-01 00:00:00,Actions relating to making a statement
Theme,ACT_YIELD,2014-10-01 00:00:00,2014-10-01 00:00:00,Actions relating to yielding
Count,AFFECT,2013-10-13 00:00:00,2013-10-13 00:00:00,"This broad category captures everything from being sickened to refugees, evacuations, displaced persons, stranded, etc"
Theme,AGRICULTURE,2013-10-13 00:00:00,2013-10-13 00:00:00,General discussion of agriculture
Theme,ALLIANCE,2014-05-18 00:00:00,2014-05-18 00:00:00,Self-identified discussion of alliances and coalitions
Theme,APPOINTMENT,2013-10-13 00:00:00,2013-10-13 00:00:00,An appointment of someone to something
Theme,ARMEDCONFLICT,2013-10-13 00:00:00,2013-10-13 00:00:00,"Primary discussion of armed conflict, from ground assaults to air raids"
Count,ARREST,2013-10-13 00:00:00,2013-10-13 00:00:00,"Discussion of someone being arrested, detained, jailed, imprisoned, etc"
Theme,ASSASSINATION,2013-10-13 00:00:00,2013-10-13 00:00:00,Actual discussion of assassination
Theme,AUSTERITY,2014-02-20 00:00:00,2014-02-20 00:00:00,Mention of austerity.
Theme,AVIATION_INCIDENT,2014-02-20 00:00:00,2014-02-20 00:00:00,"Plane/helicopter crashes, collisions, accidents."
Theme,BAN,2013-10-13 00:00:00,2013-10-13 00:00:00,"Something being banned, prohibited, outlawed, criminalized, etc"
Theme,BLACK_MARKET,2013-10-13 00:00:00,2013-10-13 00:00:00,"Actual mentions of ""black market"", not related terms"
Theme,BLOCKADE,2013-10-13 00:00:00,2013-10-13 00:00:00,Mentions of blockades and no fly zones - use in combination with the military themes to distinguish armed vs non-kinetic blockades
Theme,BORDER,2013-10-13 00:00:00,2013-10-13 00:00:00,Any discussion of borders
Theme,BULLYING,2013-12-20 00:00:00,2013-12-20 00:00:00,"Explicit mention of the word ""bullying/cyberbullying"""
Theme,CEASEFIRE,2013-10-13 00:00:00,2013-10-13 00:00:00,"Mentions of ceasefires, truces, peace deals, suspension of hostilities, etc"
Theme,CHARASMATIC_LEADERSHIP,2014-05-06 00:00:00,2014-05-06 00:00:00,Charasmatic leadership
Theme,CHECKPOINT,2013-10-13 00:00:00,2013-10-13 00:00:00,Security checkpoints
Theme,CLAIM_CREDIT,2013-10-13 00:00:00,2013-10-13 00:00:00,"Claims of responsibility or credit, for good (claimed credit for the success) and bad (claimed credit for the bombing)"
Theme,CLOSURE,2013-10-13 00:00:00,2013-10-13 00:00:00,"Discussion of closure other than road, bridge, street, closure (ie, facility closure, military base closure, etc)"
Theme,CONFISCATION,2013-10-13 00:00:00,2013-10-13 00:00:00,Actual mention of confiscation in the text
Theme,CONSTITUTIONAL,2013-10-13 00:00:00,2013-10-13 00:00:00,Discussion of constitutionalism
Theme,CORRUPTION,2013-10-13 00:00:00,2013-10-13 00:00:00,"Corruption, kickbacks, embezzling, profiteering, etc"
Theme,CRIME_CARTELS,2013-10-13 00:00:00,2013-10-13 00:00:00,"Primarily focused around mentions of drug cartels, drug corridors, etc.  Does not currently have a list of cartels, just captures general discussion of them"
Theme,CRIME_COMMON_ROBBERY,2013-10-13 00:00:00,2013-10-13 00:00:00,"Discussion of general crime like pickpocketing, robbery, street criminals, etc"
Theme,CRIME_ILLEGAL_DRUGS,2013-10-13 00:00:00,2013-10-13 00:00:00,Mentions of illegal drugs
Theme,CURFEW,2013-10-13 00:00:00,2013-10-13 00:00:00,Discussion of any curfew
Theme,CYBER_ATTACK,2013-10-13 00:00:00,2013-10-13 00:00:00,"Any discussion of cyberwarfare, cyberattacks, phishing, hacking, hacktivists, viruses, etc"
Theme,DEATH_PENALTY,2013-10-13 00:00:00,2013-10-13 00:00:00,From general discussion of capital punishment to actual mentions of death sentences
Theme,DEFECTION,2013-10-13 00:00:00,2013-10-13 00:00:00,Any discussion of defection or defectors
Theme,DELAY,2013-10-13 00:00:00,2013-10-13 00:00:00,"Canceling, postponing, stalling delaying anything"
Theme,DEMOCRACY,2013-10-13 00:00:00,2013-10-13 00:00:00,"Actual mention of the term ""democracy"""
Theme,DISABILITY,2014-02-20 00:00:00,2014-02-20 00:00:00,"Disability, disabled, handicapped."
Theme,DISCRIMINATION,2013-10-13 00:00:00,2013-10-13 00:00:00,"Racism, homophobia, xenophobia, etc"
Count,DISPLACED,2013-10-25 00:00:00,2013-10-25 00:00:00,"This category counts mentions of people being displaced - see REFUGEES for counts of refugees, forced migration, and related"
Theme,DRONE,2014-02-20 00:00:00,2014-02-20 00:00:00,"Drones, UAVs."
Theme,DRUG_TRADE,2013-10-13 00:00:00,2013-10-13 00:00:00,General discussion of the drug trade in broad terms - broader than the other categories
Theme,ECON_BANKRUPTCY,2013-10-13 00:00:00,2013-10-13 00:00:00,Bankruptcy and bailouts
Theme,ECON_BOYCOTT,2014-10-01 00:00:00,2014-10-01 00:00:00,Boycotts
Theme,ECON_COST_OF_LIVING,2013-10-13 00:00:00,2013-10-13 00:00:00,"Explicit mention of ""cost of living"", ""median wage"", etc"
Theme,ECON_CURRENCY_EXCHANGE_RATE,2013-10-13 00:00:00,2013-10-13 00:00:00,"Exchange rates, foreign exchange, forex, currency fluctuation,  etc"
Theme,ECON_CURRENCY_RESERVES,2013-10-13 00:00:00,2013-10-13 00:00:00,"Currency reserves, forex reserves, dollar and euro reserves, etc"
Theme,ECON_CUTOUTLOOK,2014-10-01 00:00:00,2014-10-01 00:00:00,Cutting economic outlook
Theme,ECON_DEBT,2014-04-26 00:00:00,2014-04-26 00:00:00,Discussion of debt
Theme,ECON_DEREGULATION,2013-10-13 00:00:00,2013-10-13 00:00:00,Economic deregulation
Theme,ECON_EARNINGSREPORT,2013-10-13 00:00:00,2013-10-13 00:00:00,"Earnings reports, etc"
Theme,ECON_ENTREPRENEURSHIP,2013-10-13 00:00:00,2013-10-13 00:00:00,"Entrepreneurship, venture capital, seed funding, angel investors, etc"
Theme,ECON_FOREIGNINVEST,2014-10-01 00:00:00,2014-10-01 00:00:00,Foreign investment
Theme,ECON_FREETRADE,2014-10-01 00:00:00,2014-10-01 00:00:00,Free trade
Theme,ECON_HOUSING_PRICES,2013-10-13 00:00:00,2013-10-13 00:00:00,"Housing prices, real estate, and other explicit discussion of property"
Theme,ECON_INFORMAL_ECONOMY,2014-05-03 00:00:00,2014-05-03 00:00:00,Informal economies
Theme,ECON_INTEREST_RATES,2013-10-13 00:00:00,2013-10-13 00:00:00,"Interest rates, benchmark rates, overnight rates, libor, etc"
Theme,ECON_IPO,2013-10-13 00:00:00,2013-10-13 00:00:00,Initial Public Offerings
Theme,ECON_MONOPOLY,2013-10-13 00:00:00,2013-10-13 00:00:00,"Monopolies, anticompetitive practice, etc"
Theme,ECON_MOU,2014-10-01 00:00:00,2014-10-01 00:00:00,Relating to a Memorandum of Understanding
Theme,ECON_NATIONALIZE,2013-10-13 00:00:00,2013-10-13 00:00:00,"Discussion of nationalization of industry, etc"
Theme,ECON_PRICECONTROL,2014-10-01 00:00:00,2014-10-01 00:00:00,Price controls
Theme,ECON_REMITTANCE,2014-05-04 00:00:00,2014-05-04 00:00:00,Remittance
Theme,ECON_STOCKMARKET,2013-10-13 00:00:00,2013-10-13 00:00:00,"Any discussion of a stockmarket, NYSE, FTSE, etc, also discussion of government bonds, etc"
Theme,ECON_SUBSIDIES,2013-10-13 00:00:00,2013-10-13 00:00:00,Economic subsidies
Theme,ECON_TAXATION,2014-05-05 00:00:00,2014-05-05 00:00:00,Taxation
Theme,ECON_TRADE_DISPUTE,2013-10-13 00:00:00,2013-10-13 00:00:00,"Trade disputes, antidumping, etc"
Theme,ECON_UNIONS,2013-10-13 00:00:00,2013-10-13 00:00:00,"Discussion of unions, unionization, shop stewards, etc"
Theme,EDUCATION,2013-10-13 00:00:00,2013-10-13 00:00:00,"Teachers, schools, madrassas, yeshivas, professors, education in general"
Theme,ELECTION,2013-10-13 00:00:00,2013-10-13 00:00:00,Elections of any kind
Theme,ELECTION_FRAUD,2013-10-13 00:00:00,2013-10-13 00:00:00,"Election fraud, from ballot stuffing to vote rigging"
Theme,ENV_BIOFUEL,2013-10-13 00:00:00,2013-10-13 00:00:00,Biofuels
Theme,ENV_CARBONCAPTURE,2013-10-13 00:00:00,2013-10-13 00:00:00,Carbon capture/sequestration
Theme,ENV_CLIMATECHANGE,2013-10-13 00:00:00,2013-10-13 00:00:00,Discussion of climate change and global warming
Theme,ENV_COAL,2013-10-13 00:00:00,2013-10-13 00:00:00,Coal power
Theme,ENV_DEFORESTATION,2014-04-21 00:00:00,2014-04-21 00:00:00,Deforestation and clear cutting
Theme,ENV_FISHERY,2014-04-16 00:00:00,2014-04-16 00:00:00,Discussion of fisheries and fish hatcheries
Theme,ENV_FORESTRY,2014-04-20 00:00:00,2014-04-20 00:00:00,Foresty and the logging industry
Theme,ENV_GEOTHERMAL,2013-10-13 00:00:00,2013-10-13 00:00:00,Geothermal
Theme,ENV_GREEN,2013-10-13 00:00:00,2013-10-13 00:00:00,"Green, renewable, and alternative energy"
Theme,ENV_HYDRO,2013-10-13 00:00:00,2013-10-13 00:00:00,Hydropower
Theme,ENV_METALS,2014-04-17 00:00:00,2014-04-17 00:00:00,"Core metals like gold, platinum, silver, copper, iron"
Theme,ENV_MINING,2014-04-18 00:00:00,2014-04-18 00:00:00,Mining operations
Theme,ENV_NATURALGAS,2013-10-13 00:00:00,2013-10-13 00:00:00,Natural gas for power and heating
Theme,ENV_NUCLEARPOWER,2013-10-13 00:00:00,2013-10-13 00:00:00,Nuclear power for energy generation (excludes nuclear weapons)
Theme,ENV_OIL,2013-10-13 00:00:00,2013-10-13 00:00:00,Oil power
Theme,ENV_OVERFISH,2014-04-22 00:00:00,2014-04-22 00:00:00,Overfishing
Theme,ENV_POACHING,2014-10-01 00:00:00,2014-10-01 00:00:00,Poaching
Theme,ENV_SOLAR,2013-10-13 00:00:00,2013-10-13 00:00:00,Solar power
Theme,ENV_SPECIESENDANGERED,2014-10-01 00:00:00,2014-10-01 00:00:00,Discussion of endangered species
Theme,ENV_SPECIESEXTINCT,2014-10-01 00:00:00,2014-10-01 00:00:00,Discussion of extinction
Theme,ENV_WATERWAYS,2014-04-15 00:00:00,2014-04-15 00:00:00,Waterways
Theme,ENV_WINDPOWER,2013-10-13 00:00:00,2013-10-13 00:00:00,Wind power
Theme,ETH_INDIGINOUS,2014-10-01 00:00:00,2014-10-01 00:00:00,Discussion of indiginous peoples
Count,EVACUATION,2013-10-13 00:00:00,2013-10-13 00:00:00,Mentions of evacuations
Theme,EXHUMATION,2013-10-13 00:00:00,2013-10-13 00:00:00,"Discussion of mass graves, exhumation, unearthing of bodies, human remains, etc"
Theme,EXILE,2013-10-13 00:00:00,2013-10-13 00:00:00,Actual mention of exile in the text
Theme,EXTREMISM,2013-10-13 00:00:00,2013-10-13 00:00:00,"Discussion of extremists, both political (farright/farleft/anarchist), groups like skinheads, and terms like zealot, ""fringe element"", etc"
Theme,FIREARM_OWNERSHIP,2014-04-25 00:00:00,2014-04-25 00:00:00,Gun rights
Theme,FOOD_SECURITY,2013-10-13 00:00:00,2013-10-13 00:00:00,"Famine, food crisis, malnourishment, food prices"
Theme,FOOD_STAPLE,2013-11-27 00:00:00,2013-11-27 00:00:00,"Captures explicit mention of terms like ""food staple"""
Theme,FREESPEECH,2013-10-13 00:00:00,2013-10-13 00:00:00,Freedom of speech
Theme,FUELPRICES,2014-02-20 00:00:00,2014-02-20 00:00:00,"Cost of fuel, energy, heating."
Theme,GEN_HOLIDAY,2014-10-01 00:00:00,2014-10-01 00:00:00,General discussion of holidays
Theme,GENDER_VIOLENCE,2013-11-04 00:00:00,2013-11-04 00:00:00,Gender violence
Theme,GENERAL_GOVERNMENT,2013-10-13 00:00:00,2013-10-13 00:00:00,"General discussion of government, congress, parliament, republic, regime, etc"
Theme,GENERAL_HEALTH,2013-10-13 00:00:00,2013-10-13 00:00:00,"Any general discussion of human, animal, plant, etc health, from hygiene to hospitals, doctors to disease"
Theme,GENTRIFICATION,2014-05-19 00:00:00,2014-05-19 00:00:00,Gentrification
Theme,GOV_DISSOLVEGOV,2014-10-01 00:00:00,2014-10-01 00:00:00,Dissolving government
Theme,GOV_DIVISIONOFPOWER,2014-10-01 00:00:00,2014-10-01 00:00:00,Division of power in government
Theme,GOV_INTERGOVERNMENTAL,2014-10-01 00:00:00,2014-10-01 00:00:00,Intergovernmental activities or proposals
Theme,GOV_REFORM,2014-10-01 00:00:00,2014-10-01 00:00:00,Government reform
Theme,GOV_REPATRIATION,2014-10-01 00:00:00,2014-10-01 00:00:00,Repatriation
Theme,GRIEVANCES,2014-02-20 00:00:00,2014-02-20 00:00:00,"Mention of the term ""grievances"" as explicit discussion of societal unhappiness."
Theme,HARASSMENT,2013-12-20 00:00:00,2013-12-20 00:00:00,"Explicit mention of the word ""harassment"""
Theme,HATE_SPEECH,2013-12-20 00:00:00,2013-12-20 00:00:00,"Explicit mention of the phrase ""hate speech"""
Theme,HEALTH_PANDEMIC,2013-10-13 00:00:00,2013-10-13 00:00:00,Explicit mention in the text of a pandemic or public health emergency
Theme,HEALTH_SEXTRANSDISEASE,2013-10-13 00:00:00,2013-10-13 00:00:00,Mention of sexually transmitted diseases
Theme,HEALTH_VACCINATION,2013-10-13 00:00:00,2013-10-13 00:00:00,"Mentions of vaccination, immunization"
Theme,HUMAN_TRAFFICKING,2013-10-13 00:00:00,2013-10-13 00:00:00,"Human trafficking, sexual slavery, prostitution, human smuggling, etc"
Theme,IDEOLOGY,2014-05-22 00:00:00,2014-05-22 00:00:00,Self-identified discussion of ideology
Theme,IMMIGRATION,2013-10-13 00:00:00,2013-10-13 00:00:00,Discussion of immigration
Theme,IMPEACHMENT,2013-10-13 00:00:00,2013-10-13 00:00:00,Impeachment
Theme,INFO_HOAX,2014-10-01 00:00:00,2014-10-01 00:00:00,Discussion of hoaxes
Theme,INFO_RUMOR,2014-10-01 00:00:00,2014-10-01 00:00:00,Discussion of rumors
Theme,INFRASTRUCTURE_BAD_ROADS,2014-02-20 00:00:00,2014-02-20 00:00:00,"Mentions of potholes, impassable roads, blocked roads, etc."
Theme,INSURGENCY,2014-05-15 00:00:00,2014-05-15 00:00:00,Self-identified discussion of insurgency
Theme,INTERNET_BLACKOUT,2013-10-13 00:00:00,2013-10-13 00:00:00,Mentions of internet blackouts
Theme,INTERNET_CENSORSHIP,2013-10-13 00:00:00,2013-10-13 00:00:00,"Internet censorship such as blocking websites, etc"
Theme,JIHAD,2013-10-13 00:00:00,2013-10-13 00:00:00,"Actual mentions of ""jihad"" and ""holy war"""
Count,KIDNAP,2013-10-13 00:00:00,2013-10-13 00:00:00,"Someone being kidnapped, abducted, hostages, etc"
Count,KILL,2013-10-13 00:00:00,2013-10-13 00:00:00,Any mention of something dying
Theme,LANDMINE,2013-10-13 00:00:00,2013-10-13 00:00:00,"Landmines, IEDs, antipersonnel mines, etc"
Theme,LEADER,2013-10-13 00:00:00,2013-10-13 00:00:00,"Political elites, such as lawmakers, presidents, supreme leaders, etc"
Theme,LEGALIZE,2013-10-13 00:00:00,2013-10-13 00:00:00,"Something being legalized, laws being repealed, etc"
Theme,LEGISLATION,2013-10-13 00:00:00,2013-10-13 00:00:00,Discussion of laws
Theme,LGBT,2013-11-04 00:00:00,2013-11-04 00:00:00,"Lesbian, Gay, Bisexual, and Transgender discussion"
Theme,LITERACY,2013-10-13 00:00:00,2013-10-13 00:00:00,Discussion of literacy and illiteracy
Theme,LOCUSTS,2013-10-13 00:00:00,2013-10-13 00:00:00,Mentions of locusts
Theme,MANMADE_DISASTER,2013-10-13 00:00:00,2013-10-13 00:00:00,"Failure of manmade infrastructure such as car crashes, bridge collapses, derailments, plane crashes, etc"
Theme,MANMADE_DISASTER_IMPLIED,2013-10-13 00:00:00,2013-10-13 00:00:00,"Discussion of disasters in context with manmade structures, but where the relationship is not fully clear, but is implied"
Theme,MARITIME,2013-10-13 00:00:00,2013-10-13 00:00:00,General discussion of the maritime environment
Theme,MARITIME_INCIDENT,2013-10-13 00:00:00,2013-10-13 00:00:00,"Sinking ships, capsizing, etc"
Theme,MARITIME_INCIDENT_IMPLIED,2013-10-13 00:00:00,2013-10-13 00:00:00,"Maritime emergencies like sinking ships, collisions at sea, etc"
Theme,MARITIME_INCIDENT_SELF_IDENTIFIED,2014-02-20 00:00:00,2014-02-20 00:00:00,Mentions of specific unambiguous martime accidents like grounding.
Theme,MARITIME_PIRACY,2014-10-01 00:00:00,2014-10-01 00:00:00,Maritime piracy
Theme,MEDIA_CENSORSHIP,2013-10-13 00:00:00,2013-10-13 00:00:00,"Censorship of the mainstream media, such as arresting journalists, press freedoms, etc"
Theme,MEDIA_MSM,2013-10-13 00:00:00,2013-10-13 00:00:00,"Any mention of mainstream media such as television, reporter, journalist, etc.  Often flags just a mention of a ""reporter"", but can be used to capture discussion of MSM overall"
Theme,MEDIA_SOCIAL,2013-10-13 00:00:00,2013-10-13 00:00:00,"Any mention of social media such as Facebook, Twitter, etc.  Often flags mentions of ""follow me on twitter"", but useful proxy for discussion of social media"
Theme,MEDICAL,2013-10-13 00:00:00,2013-10-13 00:00:00,"More narrowly focused on healthcare like nurses, health services, addiction treatment, etc"
Theme,MEDICAL_SECURITY,2014-02-20 00:00:00,2014-02-20 00:00:00,"Access to doctors, healthcare, poor medical access, etc."
Theme,MIL_SELF_IDENTIFIED_ARMS_DEAL,2013-10-13 00:00:00,2013-11-04 00:00:00,"Only actual mentions of ""arms deal"", ""weapons sale"", etc - doesn't determine that a sale of AK47's is an arms sale, requires the text to explicitly label it as such"
Theme,MIL_WEAPONS_PROLIFERATION,2013-11-04 00:00:00,2013-11-04 00:00:00,Weapons proliferation
Theme,MILITARY,2013-10-13 00:00:00,2013-10-13 00:00:00,General discussion of the military
Theme,MILITARY_COOPERATION,2013-10-13 00:00:00,2013-10-13 00:00:00,"Actual mentions of military ties, military aid, defense cooperation, etc (where the text explicitly labels it as such)"
Theme,MOVEMENT_ENVIRONMENTAL,2013-11-04 00:00:00,2013-11-04 00:00:00,Environmental movements
Theme,MOVEMENT_GENERAL,2013-11-04 00:00:00,2013-11-04 00:00:00,"General discussion of movements, activists, etc"
Theme,MOVEMENT_OTHER,2013-11-04 00:00:00,2013-11-04 00:00:00,"Catchall for movements such as equality movements, religious movements, youth movements, labor movements, etc"
Theme,MOVEMENT_SOCIAL,2013-11-04 00:00:00,2013-11-04 00:00:00,General discussion of social-related movements
Theme,MOVEMENT_WOMENS,2013-11-04 00:00:00,2013-11-04 00:00:00,Women-specific movements
Theme,NATURAL_DISASTER,2013-10-13 00:00:00,2013-10-13 00:00:00,"From floods to coldsnaps, wildfires to tornadoes"
Theme,NEGOTIATIONS,2013-10-13 00:00:00,2013-10-13 00:00:00,"Discussion of bargaining, negotations, etc."
Theme,NEW_CONSTRUCTION,2013-10-13 00:00:00,2013-10-13 00:00:00,"Mentions of new construction, new roads, etc"
Theme,ORGANIZED_CRIME,2013-10-13 00:00:00,2013-10-13 00:00:00,"Discussion of gangs, mafia, organized crime, etc"
Theme,PEACEKEEPING,2013-10-13 00:00:00,2013-10-13 00:00:00,"Mentions of peacekeepers, UN forces, etc"
Theme,PERSECUTION,2013-11-04 00:00:00,2013-11-04 00:00:00,"Actual mentions of ""persecution"""
Theme,PHONE_OUTAGE,2014-02-20 00:00:00,2014-02-20 00:00:00,Interruption of phone service.
Theme,PIPELINE_INCIDENT,2014-02-20 00:00:00,2014-02-20 00:00:00,Pipeline explosion or damage.
Theme,PIRACY,2013-10-13 00:00:00,2013-10-13 00:00:00,"Piracy, hijacking, etc (but not software/music/etc piracy)"
Theme,POL_HOSTVISIT,2014-10-01 00:00:00,2014-10-01 00:00:00,Hosting a visit
Theme,POLITICAL_PRISONER,2013-10-13 00:00:00,2013-10-13 00:00:00,Explicit mention of political prisoners or labor camps
Theme,POLITICAL_TURMOIL,2013-10-13 00:00:00,2013-10-13 00:00:00,"Discussion of major unrest such as martial law, political ""crisis"", state of emergency, violent supression, etc."
Theme,POPULATION_DENSITY,2014-05-17 00:00:00,2014-05-17 00:00:00,Population density
Theme,POVERTY,2013-10-13 00:00:00,2013-10-13 00:00:00,"Poverty, homeless, destitute"
Theme,POWER_OUTAGE,2013-10-25 00:00:00,2013-10-25 00:00:00,"Mentions of power failures - these are also captured under MANMADE_DISASTER, but are broken out here so that they can be specifically selected"
Theme,PRIVATIZATION,2014-02-20 00:00:00,2014-02-20 00:00:00,Mention of privatization or deregulation.
Theme,PROPAGANDA,2013-10-13 00:00:00,2013-10-13 00:00:00,"Explicit mention of ""propaganda"""
Theme,PROPERTY_RIGHTS,2013-10-13 00:00:00,2013-10-13 00:00:00,"Discussion of property rights, land tenure, eminent domain, land confiscation"
Count,PROTEST,2013-10-13 00:00:00,2013-10-13 00:00:00,"Discussion of protesting, demonstrating, rioting, striking, activists, agitators, etc"
Theme,PUBLIC_TRANSPORT,2013-10-13 00:00:00,2013-10-13 00:00:00,Public transportation from buses to subways
Theme,RAIL_INCIDENT,2014-02-20 00:00:00,2014-02-20 00:00:00,"Train accidents, derailments, etc."
Theme,RAPE,2013-10-13 00:00:00,2013-10-13 00:00:00,"Rape, sexual slavery, sex crime, etc"
Theme,RATIFY,2013-10-13 00:00:00,2013-10-13 00:00:00,"Mention of something actually being adopted, signed into law, ratified, etc"
Theme,REBELLION,2013-10-13 00:00:00,2013-10-13 00:00:00,"Mutinies, uprisings, civil war, etc"
Theme,REBELS,2014-05-14 00:00:00,2014-05-14 00:00:00,Self-identified discussion of rebels
Theme,RECRUITMENT,2014-05-11 00:00:00,2014-05-11 00:00:00,Recruitment
Count,REFUGEES,2013-10-13 00:00:00,2013-10-13 00:00:00,"Refugees, displaced persons, forced migration, asylum seekers"
Theme,REL_ANTISEMITISM,2014-10-01 00:00:00,2014-10-01 00:00:00,Anti-semitism
Theme,RELATIONS,2013-10-13 00:00:00,2013-10-13 00:00:00,"Narrow focus on ""improving relations"", ""restarting talks"", ""bilateral talks"", etc"
Theme,RELEASE_HOSTAGE,2013-10-13 00:00:00,2013-10-13 00:00:00,A hostage being released
Theme,RELEASE_PRISON,2013-10-13 00:00:00,2013-10-13 00:00:00,Someone being released from prison/jail
Theme,RELIGION,2013-10-13 00:00:00,2013-10-13 00:00:00,"Just mention of terms like ""religion"" or ""secular"", not actual religions"
Theme,RESIGNATION,2013-10-13 00:00:00,2013-10-13 00:00:00,A resignation
Theme,RETALIATE,2013-10-13 00:00:00,2013-10-13 00:00:00,"Actual mentions of ""reprisals"", ""avenge"", ""strike back"", etc"
Theme,RETIREMENT,2014-02-20 00:00:00,2014-02-20 00:00:00,"Any mention of ""retirement"" (not ""retiring"", etc) or pensions."
Theme,RETIREMENTS,2013-10-13 00:00:00,2013-10-13 00:00:00,A retirement
Theme,ROAD_INCIDENT,2014-02-20 00:00:00,2014-02-20 00:00:00,"Bridge/road failure, crashes, and accidents."
Theme,RURAL,2014-05-21 00:00:00,2014-05-21 00:00:00,Discussion of the rural environment
Theme,SANCTIONS,2013-10-13 00:00:00,2013-10-13 00:00:00,Sanctions and embargoes
Theme,SANITATION,2014-02-20 00:00:00,2014-02-20 00:00:00,"Any mention related to sanitation, toilets, etc"
Theme,SCANDAL,2013-10-13 00:00:00,2013-10-13 00:00:00,"Mention of scandal, disgraced, etc, where it has been self-identified in the text as a scandal"
Theme,SCIENCE,2013-10-13 00:00:00,2013-10-13 00:00:00,"Just mentions of scientist, researcher, invention, innovation, scientific discovery, etc"
Theme,SECURITY_SERVICES,2013-10-13 00:00:00,2013-10-13 00:00:00,"Discussion of primarily internal security services like police, law enforcement, secret police, and also peacekeepers"
Theme,SEIGE,2013-10-13 00:00:00,2013-10-13 00:00:00,"Seiges, besieging, blockades, checkpoints, etc"
Count,SEIZE,2013-10-13 00:00:00,2013-10-13 00:00:00,"Something being seized (often drugs, illegal materials, etc)"
Theme,SELF_IDENTIFIED_ATROCITY,2013-10-13 00:00:00,2013-10-13 00:00:00,"Only captures atrocities identified as such in the text (atrocity, genocide, war crime, etc), not actions that could be construed as a crime, but where the text does not draw that distinction"
Theme,SELF_IDENTIFIED_ENVIRON_DISASTER,2013-10-13 00:00:00,2013-10-13 00:00:00,"Articles where the text explicitly mentions ""ecological disaster"", ""environmental catastrophe"", etc"
Theme,SELF_IDENTIFIED_HUMAN_RIGHTS,2013-10-13 00:00:00,2013-10-13 00:00:00,"Mentions of ""human rights"", ""political freedom"", ""religious freedom"", ""freedom of speech"", etc - only explicit mentions where the text explicitly identified a human rights issue"
Theme,SELF_IDENTIFIED_HUMANITARIAN_CRISIS,2013-10-13 00:00:00,2013-10-13 00:00:00,"Humanitarian crises, aid, disasters, disaster relief, etc"
Theme,SEPARATISTS,2014-05-13 00:00:00,2014-05-13 00:00:00,Self-identified discussion of separatists
Theme,SHORTAGE,2013-10-13 00:00:00,2013-10-13 00:00:00,"Shortages, blackouts, brownouts, rationing, etc of anything"
Count,SICKENED,2013-10-25 00:00:00,2013-10-25 00:00:00,This category counts anything being sickened
Theme,SLFID_CAPACITY_BUILDING,2014-05-01 00:00:00,2014-05-01 00:00:00,Self-identified discussion of capacity building
Theme,SLFID_CIVIL_LIBERTIES,2014-04-29 00:00:00,2014-04-29 00:00:00,Self-identified discussion of civil liberties
Theme,SLFID_DICTATORSHIP,2014-04-28 00:00:00,2014-04-28 00:00:00,Self-identified discussion of dictatorship
Theme,SLFID_ECONOMIC_DEVELOPMENT,2014-04-30 00:00:00,2014-04-30 00:00:00,Self-identified discussion of economic development
Theme,SLFID_ECONOMIC_POWER,2014-04-24 00:00:00,2014-04-24 00:00:00,Self-identified discussion of economic power
Theme,SLFID_MILITARY_BUILDUP,2014-05-07 00:00:00,2014-05-07 00:00:00,Self-identified discussion of military buildup
Theme,SLFID_MILITARY_READINESS,2014-05-08 00:00:00,2014-05-08 00:00:00,Self-identified discussion of military readiness
Theme,SLFID_MILITARY_SPENDING,2014-04-27 00:00:00,2014-04-27 00:00:00,Self-identified discussion of military spending
Theme,SLFID_MINERAL_RESOURCES,2014-04-19 00:00:00,2014-04-19 00:00:00,"Self-identified discussion of mineral wealth, mineral resources, mineral exports"
Theme,SLFID_NATURAL_RESOURCES,2014-05-10 00:00:00,2014-05-10 00:00:00,Self-identified discussion of natural resources
Theme,SLFID_PEACE_BUILDING,2014-05-02 00:00:00,2014-05-02 00:00:00,Self-identified discussion of peace building
Theme,SLFID_POLITICAL_BOUNDARIES,2014-04-23 00:00:00,2014-04-23 00:00:00,Self-identified discussion of political boundaries
Theme,SLFID_RULE_OF_LAW,2014-05-09 00:00:00,2014-05-09 00:00:00,Self-identified discussion of rule of law
Theme,SLUMS,2013-11-04 00:00:00,2013-11-04 00:00:00,"Slums, shantytowns, etc"
Theme,SMUGGLING,2013-11-04 00:00:00,2013-11-04 00:00:00,"Smuggling of anything, including arms traficking"
Theme,SOC_DIPLOMCOOP,2014-10-01 00:00:00,2014-10-01 00:00:00,Diplomatic cooperation
Theme,SOC_ECONCOOP,2014-10-01 00:00:00,2014-10-01 00:00:00,Economic cooperation
Theme,SOC_EXPRESSREGRET,2014-10-01 00:00:00,2014-10-01 00:00:00,Expressing regret
Theme,SOC_EXPRESSSUPPORT,2014-10-01 00:00:00,2014-10-01 00:00:00,"Expressing support for a person, action, or similar"
Theme,SOC_FORCEDRELOCATION,2014-10-01 00:00:00,2014-10-01 00:00:00,Forced relocation
Theme,SOC_GENERALCRIME,2014-10-01 00:00:00,2014-10-01 00:00:00,Relating to general criminal activity
Theme,SOC_INTELSHARING,2014-10-01 00:00:00,2014-10-01 00:00:00,Intelligence sharing
Theme,SOC_JUDICIALCOOP,2014-10-01 00:00:00,2014-10-01 00:00:00,Judicial cooperation
Theme,SOC_MASSMIGRATION,2014-10-01 00:00:00,2014-10-01 00:00:00,Forced migration
Theme,SOC_PARDON,2014-10-01 00:00:00,2014-10-01 00:00:00,Relating to pardoning
Theme,SOC_SUICIDE,2014-10-01 00:00:00,2014-10-01 00:00:00,Relating to suicide
Theme,SOC_SUSPICIOUSACTIVITIES,2014-10-01 00:00:00,2014-10-01 00:00:00,"Specific mentions of ""suspicious"" activities"
Theme,SOC_SUSPICIOUSPEOPLE,2014-10-01 00:00:00,2014-10-01 00:00:00,"Specific mentions of ""suspicious"" persons"
Theme,SOC_TRAFFICACCIDENT,2014-10-01 00:00:00,2014-10-01 00:00:00,Traffic accidents
Theme,SOVEREIGNTY,2013-10-13 00:00:00,2013-10-13 00:00:00,"Actual mentions of ""sovereignty"", ""proclaim independence"", ""independent state"", etc"
Theme,STATE_OF_EMERGENCY,2013-10-13 00:00:00,2013-10-13 00:00:00,"Martial law, state of emergency, emergency rule, etc"
Theme,STRIKE,2013-10-13 00:00:00,2013-10-13 00:00:00,"Strikes, work stoppages, lock outs, etc"
Theme,SUICIDE_ATTACK,2013-10-13 00:00:00,2013-10-13 00:00:00,Suicide attacks
Theme,SURVEILLANCE,2014-02-20 00:00:00,2014-02-20 00:00:00,"Surveillance, spying."
Theme,TAKE_OFFICE,2013-10-13 00:00:00,2013-10-13 00:00:00,"Mention of someone taking office either through force or through normal channels (took office, seized office, etc)"
Taxonomy,TAX_CARTELS,2013-10-18 00:00:00,2013-10-18 00:00:00,Returns any mention of a major recognized drug cartel
Taxonomy,TAX_DISEASE,2013-10-13 00:00:00,2013-10-13 00:00:00,Returns any mention of a major infectious disease
Taxonomy,TAX_ETHNICITY,2013-10-13 00:00:00,2013-10-13 00:00:00,Returns any mention of a major ethnicity from around the world (expands CAMEOETH)
Taxonomy,TAX_FNCACT,2013-10-13 00:00:00,2013-10-25 00:00:00,"Returns any mention of a ""functional actor"", which is essentially a ""role"" from a ""child"" to a ""burgler"" to get a better understanding of the specific roles of people involved "
Taxonomy,TAX_FOODSTAPLES,2013-11-27 00:00:00,2013-11-27 00:00:00,"Captures a cross-section of major food staples like bread, rice, etc"
Taxonomy,TAX_MILITARY_TITLE,2013-10-13 00:00:00,2013-10-13 00:00:00,"Returns any mention of a major military title such as Captain, 1st Lieutenant, etc"
Taxonomy,TAX_POLITICAL_PARTY,2013-10-13 00:00:00,2013-10-13 00:00:00,Returns any mention of a major recognized political party around the world
Taxonomy,TAX_RELIGION,2013-10-13 00:00:00,2013-10-13 00:00:00,Returns any mention of a major religion from around the world (expands CAMEOREL)
Taxonomy,TAX_SPECIAL_ISSUES,2013-10-13 00:00:00,2013-10-13 00:00:00,Returns mentions of special issues such as certain major laws and will eventually be replaced by a new tracking system for those
Taxonomy,TAX_SPECIALDEATH,2014-10-01 00:00:00,2014-10-01 00:00:00,Special kinds of death such as beheadings
Taxonomy,TAX_TERROR_GROUP,2013-10-13 00:00:00,2013-10-13 00:00:00,Returns any mention of a major recognized terror group around the world
Taxonomy,TAX_WEAPONS,2014-10-01 00:00:00,2014-10-01 00:00:00,Specific weaponry
Theme,TERROR,2013-10-13 00:00:00,2013-10-13 00:00:00,"Primary discussion of terrorists, bombings, assasinations, etc"
Theme,TORTURE,2013-10-13 00:00:00,2013-10-13 00:00:00,"Just mentions of the term ""torture"", not actual torture techniques like waterboarding"
Theme,TOURISM,2013-10-13 00:00:00,2013-10-13 00:00:00,"Actual mentions of ""tourism"", ""tourists"", etc, not related terms"
Theme,TRAFFIC,2014-02-20 00:00:00,2014-02-20 00:00:00,Road traffic.
Theme,TRANSPARENCY,2014-02-20 00:00:00,2014-02-20 00:00:00,Any mention of transparency or accountability.
Theme,TREASON,2013-10-13 00:00:00,2013-10-13 00:00:00,"Treason, sedition, insurrection."
Theme,TRIAL,2013-10-13 00:00:00,2013-10-13 00:00:00,"Trail, courts, judges, lawyers, lawsuits, etc"
Theme,UNEMPLOYMENT,2013-10-13 00:00:00,2013-10-13 00:00:00,"Joblessness, unemployment"
Theme,UNGOVERNED,2014-05-12 00:00:00,2014-05-12 00:00:00,Ungoverned spaces
Theme,UNREST_CHECKPOINT,2014-10-01 00:00:00,2014-10-01 00:00:00,Relating to checkpoints
Theme,UNREST_CLOSINGBORDER,2014-10-01 00:00:00,2014-10-01 00:00:00,Closing borders
Theme,UNREST_HUNGERSTRIKE,2014-10-01 00:00:00,2014-10-01 00:00:00,Hunger strikes
Theme,UNREST_MOLOTOVCOCKTAIL,2014-10-01 00:00:00,2014-10-01 00:00:00,Molotov cocktails
Theme,UNREST_POLICEBRUTALITY,2014-10-01 00:00:00,2014-10-01 00:00:00,Police brutality
Theme,UNREST_STONETHROWING,2014-10-01 00:00:00,2014-10-01 00:00:00,Stone throwing
Theme,UNREST_STONING,2014-10-01 00:00:00,2014-10-01 00:00:00,Stoning
Theme,UNSAFE_WORK_ENVIRONMENT,2014-02-20 00:00:00,2014-02-20 00:00:00,"Work injuries, killed on the job, working conditions, etc."
Theme,URBAN,2014-05-20 00:00:00,2014-05-20 00:00:00,Discussion of the urban environment
Theme,URBAN_SPRAWL,2014-05-16 00:00:00,2014-05-16 00:00:00,Urban sprawl
Theme,VANDALIZE,2013-10-13 00:00:00,2013-10-13 00:00:00,"Vandalizing, desecration, defacing"
Theme,VETO,2013-10-13 00:00:00,2013-10-13 00:00:00,"Actual mentions of ""veto"", ""voted against"", etc"
Theme,VIOLENT_UNREST,2013-10-13 00:00:00,2013-10-13 00:00:00,"Discussion of violent unrest, from rubber bullets, firing into a crowd, clashes with police or soldiers, violent rioting, etc"
Theme,WATER_SECURITY,2013-10-13 00:00:00,2013-10-13 00:00:00,"Drought, water access, lack of rain, clean water, etc"
Theme,WHISTLEBLOWER,2013-10-13 00:00:00,2013-10-13 00:00:00,"Whistleblowers, document leaks, etc"
Theme,WMD,2013-10-13 00:00:00,2013-10-13 00:00:00,"Weapons of mass distruction, from nuclear to biological to chemical warfare"
Count,WOUND,2013-10-13 00:00:00,2013-10-13 00:00:00,Any mention of something being wounded or injured
